tenure,MonthlyCharges,Number_of_InternetServices,Churn
1,29.85,1,0
34,56.95,2,0
2,53.85,2,1
45,42.3,3,0
2,70.7,0,1
8,99.65,3,1
22,89.1,2,0
10,29.75,1,0
28,104.8,4,1
62,56.15,2,0
13,49.95,1,0
16,18.95,0,0
58,100.35,3,0
49,103.7,4,1
25,105.5,5,0
69,113.25,6,0
52,20.65,0,0
71,106.7,4,0
10,55.2,2,1
21,90.05,3,0
1,39.65,2,1
12,19.8,0,0
1,20.15,0,1
58,59.9,2,0
49,59.6,3,0
30,55.3,2,0
47,99.35,3,1
1,30.2,1,1
72,90.25,6,0
17,64.7,2,1
71,96.35,4,0
2,95.5,3,0
27,66.15,4,0
1,20.2,0,0
1,45.25,0,0
72,99.9,4,0
5,69.7,0,1
46,74.8,1,0
34,106.35,4,1
11,97.85,3,1
10,49.55,1,0
70,69.2,3,0
17,20.75,0,0
63,79.85,5,0
13,76.2,4,0
49,84.5,1,0
2,49.25,1,0
2,80.65,1,1
52,79.75,4,0
69,64.15,3,0
43,90.25,2,0
15,99.1,4,1
25,69.5,3,0
8,80.65,1,1
60,74.85,5,0
18,95.45,2,1
63,99.65,3,0
66,108.45,5,0
34,24.95,0,0
72,107.5,4,0
47,100.5,3,0
60,89.9,2,0
72,42.1,3,0
18,54.4,2,0
9,94.4,2,1
3,75.3,4,0
47,78.9,1,0
31,79.2,5,0
50,20.15,0,0
10,79.85,2,0
1,49.05,1,0
52,20.4,0,0
64,111.6,5,0
62,24.25,0,0
3,64.5,3,0
56,110.5,5,0
46,55.65,1,0
8,54.65,2,0
30,74.75,4,0
45,25.9,0,0
1,79.35,1,1
11,50.55,3,0
7,75.15,1,1
42,103.8,5,0
49,20.15,0,0
9,99.3,3,0
35,62.15,2,0
48,20.65,0,0
46,19.95,0,0
29,33.75,1,0
30,82.05,2,0
1,74.7,1,0
66,84.0,5,0
65,111.05,5,0
72,100.9,4,0
12,78.95,1,1
71,66.85,3,0
5,21.05,0,1
52,21.0,0,0
25,98.5,4,1
1,20.2,0,0
1,19.45,0,0
38,95.0,3,0
66,45.55,3,0
68,110.0,5,1
5,24.3,0,0
72,104.15,4,0
32,30.15,1,0
43,94.35,2,0
72,19.4,0,0
55,96.75,3,1
52,57.95,3,0
43,91.65,3,0
37,76.5,0,1
64,54.6,4,0
3,89.85,3,0
36,31.05,1,0
10,100.25,3,1
41,20.65,0,0
27,85.2,2,0
56,99.8,3,0
6,20.7,0,0
3,74.4,0,1
7,50.7,1,0
4,20.85,0,0
33,88.95,3,0
27,78.05,1,1
72,23.55,0,0
1,19.75,0,0
71,56.45,4,0
13,85.95,1,0
25,58.6,5,1
67,50.55,1,0
1,35.45,1,1
2,44.35,0,1
43,25.7,0,0
23,75.0,1,0
64,20.2,0,0
57,19.6,0,0
1,70.45,0,1
72,88.05,6,0
8,71.15,3,1
61,101.05,3,0
64,84.3,2,0
71,23.95,0,0
65,99.05,4,0
3,19.6,0,0
1,45.65,0,1
30,64.5,3,0
15,69.5,4,0
8,68.55,3,0
7,95.0,2,1
70,108.15,5,0
62,86.1,6,0
6,19.7,0,0
14,80.9,1,0
22,84.15,1,0
22,20.15,0,0
16,64.25,3,0
10,25.7,0,0
13,56.0,2,0
20,82.4,1,1
2,69.7,0,0
53,73.9,4,0
11,20.6,0,0
69,19.9,0,0
4,70.9,0,1
72,89.05,6,0
58,45.3,3,1
16,20.4,0,0
43,84.25,3,0
2,104.4,4,1
14,81.95,5,0
53,94.85,3,1
32,20.55,0,0
34,24.7,0,0
15,74.45,0,1
7,76.45,1,1
15,105.35,4,0
61,20.55,0,0
1,29.95,1,1
1,45.3,0,0
8,84.5,1,1
33,74.75,4,0
13,79.25,2,1
1,24.8,0,1
20,51.8,1,0
3,30.4,1,0
13,19.65,0,0
40,56.6,1,0
43,71.9,3,0
6,91.0,3,1
69,19.75,0,0
72,109.7,5,0
59,19.3,0,0
20,96.55,4,0
24,24.1,0,0
59,111.35,5,0
72,112.25,5,0
1,20.75,0,0
27,101.9,4,0
14,80.05,2,0
71,105.55,4,0
13,78.3,1,0
44,68.85,0,0
33,79.95,2,0
72,55.45,5,0
1,79.9,1,1
19,106.6,5,1
64,102.45,5,0
2,46.0,0,1
1,25.25,0,0
61,19.75,0,0
29,20.0,0,0
23,86.8,1,0
57,58.75,5,0
72,45.25,4,0
66,56.6,5,0
65,84.2,5,0
8,80.0,1,0
4,70.15,0,1
71,24.75,0,0
1,20.2,0,0
4,50.05,1,1
12,19.35,0,0
24,50.6,3,0
31,81.15,5,0
1,55.2,1,1
30,89.9,2,0
47,85.3,5,0
54,108.0,5,0
50,93.5,4,0
1,84.6,2,1
72,20.25,0,0
29,25.15,0,0
2,54.4,1,1
10,29.6,1,0
18,73.15,0,0
11,95.0,3,1
16,19.75,0,0
72,86.6,5,0
72,109.2,5,0
41,74.7,4,0
65,94.4,4,0
13,54.8,2,0
4,75.35,1,0
41,65.0,2,0
15,74.4,1,1
1,48.55,1,1
42,99.0,4,0
51,93.5,4,0
2,70.4,0,1
1,40.2,2,1
32,83.7,5,0
10,19.85,0,0
67,59.55,5,0
61,115.1,6,0
50,114.35,6,0
2,44.6,0,1
29,45.0,3,0
3,41.15,2,1
13,106.9,4,1
57,89.85,2,0
31,49.85,4,0
45,113.3,6,0
61,88.1,6,0
50,24.9,0,0
19,105.0,5,0
59,19.35,0,1
71,24.25,0,0
16,94.45,3,1
57,59.75,3,0
1,24.8,0,1
20,107.05,4,0
1,70.6,0,1
5,85.4,2,1
52,105.05,4,1
21,64.95,3,0
14,55.0,4,0
5,50.55,1,0
6,55.15,2,0
10,51.2,1,0
1,25.4,0,0
68,54.45,1,0
18,95.15,3,1
22,76.0,0,0
20,44.35,0,0
1,70.0,0,1
8,74.5,1,1
10,44.85,0,1
24,76.1,0,1
35,61.2,3,0
23,86.8,3,0
6,89.35,2,0
12,19.7,0,0
1,20.25,0,0
71,76.05,1,0
35,100.8,3,0
40,74.55,3,0
1,73.6,1,1
23,64.9,2,0
4,95.45,2,1
4,90.4,3,0
68,60.3,5,0
38,81.85,1,0
52,24.8,0,0
32,74.9,0,1
29,75.55,4,0
38,101.15,3,0
48,78.75,4,0
1,19.25,0,0
22,89.05,3,0
43,115.05,6,0
5,69.35,0,0
5,80.6,1,1
51,110.05,5,0
71,19.9,0,0
38,80.3,5,1
24,93.15,3,1
35,91.5,2,0
54,82.45,5,1
72,60.0,5,0
1,44.8,0,0
9,48.6,1,0
69,60.05,5,0
52,102.7,4,0
11,82.9,2,0
2,70.35,0,1
28,35.9,1,0
17,82.65,1,0
35,19.85,0,0
8,19.2,0,0
46,94.9,3,0
7,73.85,0,1
2,80.6,1,1
68,75.8,4,1
43,104.6,4,1
68,88.15,6,0
36,94.8,3,0
63,103.4,4,1
32,54.65,2,0
71,85.75,6,0
66,67.45,3,0
63,20.5,0,0
41,20.25,0,0
1,72.1,0,0
2,90.4,2,1
70,19.45,0,0
23,44.95,2,0
64,97.0,4,0
37,62.8,3,0
17,44.6,0,0
7,89.15,2,0
4,84.8,2,1
21,41.9,2,1
10,80.25,1,1
16,54.1,1,0
64,105.25,4,0
27,30.75,1,1
42,97.1,3,0
5,20.2,0,0
41,98.8,4,0
58,50.3,1,0
47,20.55,0,0
18,75.9,1,0
5,96.5,3,1
23,59.95,2,0
1,19.15,0,0
71,98.65,3,0
72,112.6,6,0
33,20.6,0,0
2,85.65,1,1
24,35.75,2,0
56,99.75,4,0
37,96.1,3,0
43,85.1,5,0
1,25.35,0,0
25,104.95,4,1
61,89.65,6,0
17,86.75,2,0
41,86.2,3,0
1,50.65,1,1
72,64.8,6,0
1,90.85,2,1
48,108.1,4,0
11,19.95,0,1
55,85.45,2,1
42,54.75,5,0
44,90.4,2,0
1,44.0,0,0
27,95.6,2,0
27,84.8,5,0
2,44.3,0,0
19,19.9,0,0
42,95.05,2,0
66,90.05,6,0
33,109.9,5,0
34,73.95,1,1
33,54.6,4,0
23,20.05,0,0
32,19.75,0,0
11,20.05,0,0
69,99.45,3,1
68,55.9,2,0
20,19.7,0,0
72,19.8,0,0
60,95.4,3,0
32,93.95,3,0
1,19.9,0,1
1,19.6,0,1
3,81.35,1,1
46,24.45,0,0
29,74.95,0,0
51,87.35,3,0
48,70.65,0,0
16,73.25,1,0
70,98.7,4,0
40,24.8,0,0
22,83.3,2,1
1,75.3,1,1
5,24.3,0,0
7,69.85,0,0
29,100.55,4,0
44,25.7,0,0
10,40.7,3,0
55,51.65,0,0
52,105.1,4,0
10,85.95,1,0
18,75.6,0,0
68,58.25,2,0
61,19.4,0,1
72,65.2,6,0
2,53.45,2,0
12,45.4,0,1
41,19.75,0,0
26,44.45,3,0
36,20.85,0,0
72,114.05,6,0
35,89.85,2,0
1,55.05,2,0
16,112.95,5,0
49,101.55,3,0
54,114.65,6,0
18,64.8,2,0
36,80.4,1,0
60,105.9,4,1
1,69.55,0,1
52,25.05,0,0
8,94.75,3,0
72,105.5,5,0
64,24.7,0,0
22,69.75,4,0
60,60.2,5,0
28,81.05,1,1
61,24.4,0,0
24,104.15,4,0
28,92.9,4,0
30,80.8,5,0
2,20.0,0,0
1,75.1,0,0
6,19.65,0,0
24,69.45,3,0
4,101.15,3,1
7,99.8,3,1
72,116.05,6,0
70,40.05,2,0
64,102.1,4,0
72,89.7,2,0
44,19.9,0,0
13,55.95,1,1
17,20.65,0,0
1,55.0,1,1
9,70.05,3,0
24,53.6,2,0
1,74.7,1,1
24,80.25,1,1
35,76.05,4,0
7,75.7,5,0
5,96.1,3,1
15,69.0,0,1
11,19.65,0,0
48,45.3,3,1
20,81.45,1,0
72,108.5,5,0
8,83.55,2,1
72,84.5,1,0
15,100.15,3,0
72,88.6,5,0
0,52.55,4,0
1,74.35,0,1
63,104.8,4,0
2,59.0,2,0
2,74.4,1,1
61,64.05,2,0
1,20.4,0,0
22,43.75,3,1
28,60.9,3,0
70,19.8,0,0
5,28.45,1,1
12,99.7,4,1
34,116.25,6,0
71,80.7,1,0
70,65.2,2,0
52,84.05,3,0
69,79.45,5,0
20,94.1,3,1
11,78.0,1,0
2,94.2,3,1
6,80.5,1,1
1,19.85,0,0
20,94.3,4,0
61,106.45,4,0
5,74.35,0,1
56,105.45,4,0
30,95.0,4,0
40,104.8,4,1
28,54.3,2,0
5,70.05,0,0
27,75.2,1,1
12,20.05,0,0
67,105.4,4,0
29,51.6,0,0
55,85.5,1,0
23,75.6,0,1
34,100.05,3,1
52,91.25,3,0
72,115.75,6,0
58,94.7,3,0
35,19.6,0,0
56,99.9,4,0
24,21.1,0,0
70,20.05,0,0
2,79.95,1,0
68,107.15,4,0
1,85.0,1,1
12,89.55,2,0
63,81.55,1,0
33,58.45,3,0
69,95.65,3,0
60,80.6,5,0
72,113.1,6,0
11,58.95,1,0
1,19.55,0,0
10,86.05,1,1
13,45.55,3,1
34,78.95,1,0
39,86.3,2,1
65,105.05,4,0
50,101.9,4,0
15,19.75,0,0
72,110.3,5,0
72,115.6,6,0
55,19.35,0,0
23,25.6,0,0
32,80.35,1,1
56,68.75,3,0
1,19.9,0,0
38,70.6,4,0
11,70.2,0,0
1,49.3,1,0
56,107.25,4,0
3,23.6,0,0
7,69.7,3,0
59,99.5,3,0
7,64.3,3,0
71,70.85,4,0
15,101.9,4,0
71,73.5,4,0
35,100.25,3,1
11,40.4,3,0
60,19.25,0,0
47,59.6,2,0
11,64.9,3,0
56,100.3,3,1
28,110.85,5,0
61,81.05,5,0
31,98.05,3,0
9,70.5,0,0
35,94.55,3,0
2,19.65,0,0
12,19.0,0,1
1,75.3,1,1
4,89.2,2,1
1,19.0,0,0
3,20.0,0,0
1,85.7,1,1
52,63.25,3,0
5,20.1,0,0
72,99.15,4,0
71,90.4,6,0
72,111.9,5,0
46,24.9,0,0
63,83.5,5,0
30,84.3,3,0
1,45.6,0,0
12,61.65,3,1
16,54.85,5,0
4,65.55,2,0
51,90.35,2,0
65,20.4,0,0
16,74.55,1,0
2,19.95,0,0
66,74.25,0,0
46,108.65,5,0
32,109.55,5,0
72,86.65,5,0
38,81.0,5,0
51,47.85,1,0
72,114.55,6,0
65,105.25,4,1
9,29.95,1,1
9,65.0,4,1
66,20.55,0,0
44,109.8,5,0
50,69.5,3,0
15,48.85,0,0
8,25.25,0,0
66,102.85,4,0
57,87.55,3,0
7,78.55,1,0
10,34.55,1,0
62,92.05,3,0
40,85.05,2,0
20,19.7,0,0
7,20.0,0,1
25,95.15,3,0
23,84.25,2,0
66,104.6,4,0
72,111.65,5,0
49,90.05,2,1
43,110.75,5,1
46,55.0,1,0
72,89.85,6,0
10,20.35,0,0
40,54.55,4,0
65,105.5,4,1
31,99.45,4,0
68,70.9,4,0
56,104.55,4,1
10,85.25,1,1
68,25.4,0,0
43,56.15,1,1
1,89.55,2,1
49,89.85,3,0
15,25.25,0,0
20,94.55,2,1
1,45.7,0,1
50,69.65,3,0
2,89.5,2,1
24,70.0,0,0
3,69.55,0,1
1,74.6,1,1
35,20.1,0,0
17,24.8,0,0
8,19.65,0,1
10,95.1,3,0
68,88.85,6,0
45,78.8,5,0
2,19.85,0,1
37,20.35,0,0
4,24.25,0,1
10,45.25,0,0
1,20.05,0,0
65,69.55,3,0
57,19.5,0,0
3,74.75,1,0
2,69.65,0,1
49,30.2,1,0
4,45.65,0,1
70,57.8,5,0
53,19.85,0,0
53,25.55,0,0
1,75.05,0,1
22,24.85,0,0
52,49.15,3,1
65,110.35,5,0
48,24.55,0,0
2,34.7,1,1
3,107.95,4,0
45,81.4,1,0
1,80.0,1,1
61,73.8,4,0
3,64.4,3,0
40,103.75,4,0
1,71.1,0,0
1,49.9,1,0
51,24.6,0,0
2,49.25,1,1
52,30.1,1,0
51,83.4,1,0
1,20.45,0,0
31,75.25,4,0
47,20.55,0,0
3,75.1,0,1
22,20.05,0,0
1,20.65,0,0
72,85.15,5,0
3,50.15,1,1
47,84.95,2,0
72,66.5,3,0
66,63.3,2,0
35,83.15,1,0
29,84.9,1,0
2,20.55,0,0
4,49.25,1,0
25,79.85,2,1
65,59.6,3,0
27,104.65,4,0
29,75.3,1,0
29,80.1,4,0
1,19.55,0,1
20,81.0,2,0
58,24.7,0,0
14,86.0,2,0
72,25.4,0,0
46,89.15,2,0
71,58.25,5,0
32,85.65,1,0
26,50.35,3,0
68,80.35,1,0
2,20.2,0,0
61,20.55,0,0
4,85.95,1,1
3,45.35,0,1
33,94.5,2,1
9,21.25,0,0
22,26.25,0,0
5,80.85,1,0
30,91.7,3,1
65,74.2,4,0
45,87.25,2,1
5,20.35,0,0
25,75.5,1,0
72,79.05,1,0
27,90.15,2,0
32,50.6,3,0
30,110.45,5,0
70,101.0,5,0
42,79.35,1,0
72,89.85,6,0
47,65.0,3,0
2,80.45,2,0
10,98.55,3,1
61,24.1,0,0
5,44.05,0,0
72,110.8,5,0
72,114.95,6,0
3,75.05,1,0
48,19.25,0,0
63,90.05,3,0
27,56.7,2,0
70,80.15,5,0
7,71.35,4,0
0,20.25,0,0
2,90.35,3,0
20,98.55,3,1
66,19.7,0,0
3,19.85,0,0
15,85.9,2,1
72,90.35,3,0
1,20.8,0,0
22,89.25,2,1
3,70.3,0,1
72,66.85,3,0
65,19.9,0,0
11,35.8,1,0
22,78.85,1,0
14,20.4,0,0
41,74.25,1,0
17,64.8,3,0
11,20.45,0,0
15,93.35,2,1
1,19.9,0,1
5,88.9,3,1
33,95.8,3,1
72,110.65,5,0
3,40.3,2,0
2,82.0,1,1
59,107.0,5,0
2,45.35,0,1
71,73.35,4,0
5,44.8,0,0
27,54.75,2,0
1,52.2,1,1
63,40.6,3,0
46,110.0,5,1
72,55.3,1,0
34,60.85,2,0
24,78.4,4,0
72,69.65,4,0
60,59.85,5,0
68,76.9,4,0
8,19.85,0,0
34,67.65,4,0
6,45.0,2,0
2,64.2,3,0
31,81.7,1,0
20,25.55,0,0
1,20.0,0,0
62,96.75,3,1
70,75.65,0,0
10,98.5,3,1
39,23.8,0,0
46,64.2,3,0
6,85.35,2,1
72,76.8,3,0
18,55.2,2,0
71,108.55,5,0
40,101.3,3,1
1,69.55,0,1
58,103.25,4,1
70,104.0,4,1
42,25.25,0,0
34,30.4,1,0
5,20.05,0,0
25,84.6,1,0
2,86.2,2,1
55,103.7,5,0
21,111.2,5,1
70,88.0,3,0
61,106.35,4,0
43,79.15,5,0
47,103.1,4,0
5,63.95,3,0
62,25.8,0,0
16,89.45,3,1
7,95.6,2,1
14,25.55,0,0
60,90.95,3,1
34,44.85,3,0
50,108.55,5,1
38,25.05,0,0
70,74.1,5,0
37,88.8,2,0
4,78.85,1,1
60,93.25,3,0
62,71.4,4,0
1,44.4,0,1
36,79.2,5,0
44,20.4,0,0
55,100.0,3,1
72,105.0,4,0
12,19.8,0,1
13,30.85,1,0
1,89.9,2,1
15,20.55,0,0
65,84.85,6,0
12,33.15,2,0
72,92.0,6,0
72,89.8,6,0
72,115.8,6,0
52,85.15,5,0
2,24.85,0,0
5,64.35,3,0
68,20.5,0,0
62,100.15,3,1
72,86.05,5,0
1,50.8,1,1
66,89.0,3,0
72,64.8,6,0
26,19.8,0,0
64,93.4,3,0
20,73.65,1,1
3,95.1,3,1
22,94.65,2,1
4,80.6,2,1
62,39.0,2,0
5,20.5,0,0
59,85.55,1,1
3,26.4,0,0
72,98.2,4,0
57,97.55,4,0
66,19.95,0,0
60,50.8,3,1
45,99.7,3,0
3,34.8,1,0
15,105.1,5,1
51,60.15,5,0
60,64.75,3,0
33,54.65,1,0
10,110.1,6,1
26,19.3,0,0
6,83.9,2,1
67,111.25,5,0
49,35.8,2,0
1,20.05,0,0
7,84.35,2,0
27,110.5,5,0
37,91.2,2,0
63,100.55,4,1
31,89.3,3,0
50,103.85,4,1
32,81.1,1,0
1,24.6,0,1
63,81.2,1,0
30,94.3,3,0
71,116.1,6,0
53,105.55,4,0
12,98.9,4,1
50,94.4,3,0
2,19.5,0,0
9,98.3,3,1
17,93.85,3,1
56,105.6,5,0
67,81.35,5,0
9,100.5,3,1
4,56.4,1,0
19,65.35,3,0
8,19.95,0,0
71,111.25,5,0
10,72.85,1,1
15,89.0,2,0
72,106.1,4,0
12,20.05,0,0
72,25.2,0,0
1,73.55,0,1
23,75.4,1,0
72,65.55,6,0
26,80.7,1,0
21,104.55,5,0
60,24.15,0,0
12,20.45,0,0
16,75.4,0,0
63,79.7,4,0
22,81.7,2,0
32,76.3,5,0
3,79.4,1,1
13,81.15,2,1
68,103.75,4,0
30,86.45,2,0
16,75.1,1,0
33,80.6,2,0
72,19.3,0,0
4,84.6,1,1
12,33.6,2,0
4,83.25,1,0
0,80.85,5,0
6,79.05,1,1
65,108.05,5,0
15,19.9,0,0
24,21.05,0,0
13,30.15,1,0
24,79.85,1,0
72,65.5,6,0
54,104.1,4,0
3,74.4,0,1
4,20.5,0,0
32,91.35,2,0
35,99.05,3,1
35,20.5,0,0
2,44.95,0,1
8,75.6,1,0
22,55.1,2,0
15,58.95,3,0
22,95.1,2,0
1,44.7,0,1
71,25.45,0,0
4,56.75,2,0
25,81.75,5,0
32,86.1,2,0
7,29.8,1,0
17,20.5,0,0
8,60.9,2,0
56,73.25,4,0
1,45.7,0,1
8,100.3,4,1
7,19.25,0,1
3,20.85,0,0
71,77.35,5,0
2,96.0,2,1
1,90.55,2,1
49,93.85,3,0
58,70.1,4,0
44,30.35,1,1
59,75.95,4,0
71,108.05,5,1
1,69.9,0,1
11,75.25,0,0
62,103.75,4,1
35,54.95,2,0
20,19.5,0,0
40,19.6,0,0
39,47.85,1,0
1,86.6,1,1
72,23.75,0,0
33,80.6,1,1
12,43.8,0,0
1,19.75,0,0
27,19.15,0,0
34,19.6,0,0
56,80.3,2,0
58,24.35,0,0
22,25.25,0,0
10,26.1,0,0
13,20.0,0,0
35,85.3,2,1
34,70.0,0,1
4,94.3,2,1
72,20.7,0,0
2,70.3,3,0
7,95.35,3,1
27,75.5,0,1
4,69.55,0,0
37,19.85,0,0
21,20.0,0,0
53,95.85,2,0
18,90.1,2,1
2,68.95,0,1
32,99.55,3,1
23,20.75,0,0
3,50.15,1,0
71,58.65,5,0
9,95.9,3,0
1,49.5,1,0
18,57.45,2,1
12,53.65,1,1
71,80.1,5,0
64,24.4,0,0
4,40.05,2,0
23,19.5,0,0
39,51.05,1,0
28,54.35,2,0
5,84.7,2,0
45,86.1,2,0
37,70.35,0,0
60,110.0,6,0
8,100.6,3,1
47,94.9,3,0
26,83.75,1,1
3,88.3,3,1
50,69.75,0,0
27,71.6,3,0
8,92.1,3,1
62,23.65,0,0
71,81.85,5,0
66,25.1,0,0
68,114.7,6,0
13,49.15,3,0
56,80.9,1,0
38,79.45,2,1
14,90.45,2,1
16,19.3,0,0
14,70.2,0,0
32,69.75,0,1
8,54.25,2,0
43,99.3,3,0
52,74.0,4,0
3,50.25,1,0
29,19.8,0,0
1,19.65,0,1
12,43.65,3,1
16,35.5,1,0
40,80.75,4,0
5,39.5,2,1
40,97.1,2,1
36,19.55,0,0
5,80.0,1,1
10,84.7,2,1
2,89.55,2,1
23,90.6,2,1
26,20.05,0,0
72,112.4,5,0
34,50.2,1,0
10,62.25,3,0
14,55.7,2,0
23,90.05,2,1
47,19.65,0,0
24,89.25,3,0
49,99.05,3,1
20,54.0,2,0
2,69.75,0,1
2,49.05,1,1
22,56.75,4,0
7,98.05,3,1
1,21.1,0,0
59,96.65,3,0
58,24.5,0,0
41,114.5,6,1
59,79.2,1,0
3,69.55,0,0
32,20.05,0,0
46,98.85,3,0
0,25.75,0,0
2,80.95,1,1
52,19.6,0,0
13,74.3,1,1
11,89.7,2,1
32,87.65,2,0
17,100.45,3,1
16,74.75,0,0
51,107.45,5,0
29,75.35,4,0
70,64.95,4,0
71,100.45,4,0
41,68.5,3,0
1,80.55,1,0
7,81.25,5,0
25,90.4,2,1
67,89.55,3,0
5,55.7,1,0
15,24.8,0,0
20,20.0,0,0
3,56.15,2,1
54,105.2,4,0
42,19.55,0,0
9,79.75,1,0
63,97.45,3,0
69,24.25,0,0
69,24.6,0,0
40,50.15,1,0
60,39.6,3,0
4,94.4,4,1
71,89.85,6,0
37,78.95,1,1
32,98.85,3,0
39,53.85,1,0
38,24.25,0,0
52,89.45,2,0
48,105.25,4,0
70,59.5,5,0
20,70.55,0,0
50,82.5,5,0
19,44.85,2,1
25,61.6,3,0
12,49.05,1,0
39,105.65,4,1
7,74.65,1,1
23,66.25,4,0
27,19.4,0,0
47,86.05,1,0
26,19.15,0,0
14,64.7,2,1
11,104.05,4,1
2,19.25,0,0
26,81.95,2,0
72,114.65,6,0
63,20.0,0,0
71,19.8,0,0
11,65.15,2,0
14,19.65,0,0
13,88.95,6,0
6,20.2,0,0
11,75.2,0,0
18,56.8,1,0
1,35.55,1,1
32,75.5,1,0
29,35.6,2,0
3,60.25,1,0
2,95.15,2,1
13,96.65,3,1
41,40.35,2,0
1,18.85,0,0
7,54.85,1,0
52,64.3,3,0
45,24.65,0,0
70,76.1,4,0
53,18.7,0,0
62,97.95,3,0
60,94.1,3,0
3,80.4,1,1
23,95.1,3,0
1,31.35,1,1
67,72.35,4,0
12,89.75,2,1
71,82.7,5,0
25,19.9,0,0
5,53.8,1,0
26,51.55,0,0
1,19.65,0,0
70,44.05,3,0
72,114.0,6,0
60,94.4,3,1
32,100.4,3,0
1,19.85,0,1
14,54.25,1,0
13,80.0,1,0
6,109.9,5,1
46,79.2,4,0
15,101.35,4,1
43,94.3,3,0
39,49.8,1,0
21,60.05,2,1
57,53.75,4,0
53,93.45,3,0
18,87.9,3,0
1,60.15,1,1
58,61.05,2,0
71,104.05,3,0
35,99.25,4,0
3,85.7,2,0
38,104.85,4,0
35,69.15,4,0
7,90.45,2,1
47,74.45,4,0
14,50.45,1,0
20,60.0,2,0
66,85.25,5,0
15,19.45,0,0
42,20.75,0,0
17,78.9,1,0
37,104.5,4,0
12,49.4,1,0
53,94.25,3,1
60,25.0,0,0
18,25.55,0,0
1,74.9,0,1
3,70.15,0,0
9,69.4,3,0
1,80.25,1,1
56,93.15,3,0
17,69.0,0,1
11,66.35,2,1
7,69.55,0,0
69,20.2,0,0
19,86.0,1,1
3,80.3,1,1
54,20.4,0,0
62,23.75,0,0
24,90.55,2,1
62,70.45,2,0
17,65.75,2,0
9,24.6,0,0
64,69.25,4,0
2,75.9,0,1
1,45.85,0,1
16,49.95,3,1
72,24.65,0,0
30,90.4,3,0
49,100.85,3,0
61,75.35,4,0
47,87.2,2,0
20,64.4,3,0
34,78.3,1,1
70,24.7,0,0
54,105.85,5,0
61,98.3,4,0
3,76.95,0,1
13,19.45,0,0
16,96.15,2,1
3,58.7,2,0
25,20.15,0,0
30,64.5,2,0
21,28.5,1,0
1,45.3,0,1
15,19.4,0,1
23,90.45,2,0
45,105.15,4,0
24,83.15,2,0
11,90.15,2,1
1,45.05,0,1
56,103.2,4,0
1,75.8,1,1
1,19.45,0,0
7,79.3,1,1
55,88.8,3,0
2,30.9,1,1
72,85.9,5,0
45,34.2,1,0
47,20.15,0,0
46,95.25,3,1
2,50.3,1,0
2,80.15,2,0
12,51.25,1,0
68,89.6,2,1
69,95.2,3,0
56,94.8,3,0
4,80.25,1,0
64,76.1,4,0
59,110.15,5,1
62,115.55,6,0
63,24.65,0,0
53,53.6,5,0
5,19.45,0,0
49,88.2,3,0
62,101.15,3,0
55,56.8,3,0
71,99.4,5,0
72,20.1,0,0
36,60.7,5,0
25,20.95,0,0
72,114.85,6,0
36,19.25,0,0
1,62.8,2,0
72,105.5,4,0
59,19.85,0,0
7,89.5,2,1
1,74.1,4,0
30,107.5,5,0
64,19.55,0,0
63,68.8,4,0
72,84.45,5,0
8,75.0,1,1
62,84.5,5,0
67,111.2,5,0
6,44.75,0,1
70,80.6,4,0
20,80.7,1,0
5,75.6,0,0
24,57.6,5,0
11,44.05,0,1
72,110.6,5,0
66,58.2,3,0
45,81.0,5,0
69,19.7,0,0
15,85.6,1,1
28,59.55,2,0
70,115.55,6,1
36,75.55,5,0
16,86.6,1,1
18,85.2,1,1
34,97.65,2,1
42,45.1,3,0
48,70.95,3,0
47,109.55,5,1
39,89.55,3,1
11,20.9,0,0
7,19.95,0,0
3,24.6,0,0
8,66.7,3,0
1,19.45,0,1
32,94.8,4,0
60,65.85,4,0
10,19.95,0,0
71,24.65,0,0
4,20.35,0,1
1,69.25,0,1
43,51.25,4,0
59,99.5,3,1
23,54.25,2,0
72,19.4,0,0
22,56.25,2,0
1,25.15,0,0
69,23.95,0,0
50,35.4,2,0
1,25.2,0,1
2,45.0,0,1
15,75.35,1,0
31,20.4,0,0
1,20.15,0,1
66,105.0,4,1
0,56.05,5,0
3,54.7,1,1
8,20.0,0,0
64,73.05,4,0
28,20.5,0,0
57,100.75,3,0
14,87.25,2,1
19,19.95,0,0
10,79.95,1,1
51,49.65,3,0
67,65.65,3,0
11,20.45,0,0
72,60.95,5,0
66,20.35,0,0
18,88.35,2,1
9,19.5,0,0
9,75.2,0,0
48,111.45,5,0
10,70.15,0,0
9,94.75,2,1
13,95.05,2,1
4,78.45,1,1
4,70.2,0,1
72,92.0,6,0
51,85.5,6,0
59,41.05,2,1
10,85.6,1,1
61,82.15,1,0
54,84.4,3,0
33,60.9,2,0
27,20.25,0,0
1,79.2,1,1
23,95.3,3,0
1,19.85,0,0
45,84.35,6,0
39,19.85,0,0
5,70.0,3,1
72,82.3,5,0
58,66.8,2,0
70,44.6,4,0
61,98.45,4,0
2,70.7,0,0
46,24.95,0,0
1,49.95,0,1
22,69.25,0,1
48,102.5,5,0
64,86.55,5,0
72,24.3,0,0
12,58.35,2,0
34,94.25,3,1
72,68.75,4,0
29,85.8,2,0
33,20.1,0,0
1,20.35,0,0
62,110.8,5,0
41,73.0,3,1
64,100.05,3,1
4,82.85,2,0
24,84.35,2,0
14,19.55,0,0
3,19.95,0,0
4,99.8,4,1
18,35.0,1,1
8,66.25,2,0
35,23.3,0,0
1,76.0,0,1
66,25.3,0,0
8,44.55,3,0
71,104.1,4,0
43,92.55,2,0
2,93.85,2,1
29,101.45,4,0
15,84.3,2,1
65,94.55,4,0
35,95.5,3,0
64,100.3,4,0
58,55.5,4,0
18,49.85,1,0
67,89.55,2,0
63,19.15,0,0
60,99.8,3,0
9,84.4,1,1
70,113.05,6,0
15,101.1,3,1
48,19.95,0,0
12,74.15,4,0
71,92.0,4,0
44,73.85,1,0
1,50.45,0,1
45,24.45,0,0
23,24.8,0,0
43,64.85,2,0
35,20.75,0,0
9,68.95,4,0
12,99.95,3,1
65,109.4,5,0
2,91.4,2,1
27,49.0,0,0
40,50.25,1,0
5,75.55,1,1
8,19.9,0,0
58,97.8,3,0
52,100.3,4,0
3,55.8,2,0
41,111.15,6,0
20,98.55,3,0
1,50.05,0,0
4,80.8,1,1
23,20.85,0,0
6,19.5,0,0
8,19.35,0,0
18,69.5,3,0
52,48.8,3,0
31,94.5,3,0
29,20.65,0,0
36,106.05,5,0
16,100.0,3,1
42,108.3,4,0
1,20.55,0,1
60,99.65,4,0
5,85.3,2,1
22,95.9,3,0
36,20.0,0,0
4,70.4,0,1
9,64.95,3,0
1,74.6,1,0
12,49.2,1,0
23,73.75,3,0
62,92.3,3,0
37,98.8,3,1
8,19.2,0,0
31,88.65,2,0
13,74.4,0,1
24,98.75,3,1
45,95.95,3,0
69,105.4,4,0
2,20.25,0,0
61,106.0,4,1
41,104.7,4,1
44,49.05,3,0
39,35.55,2,0
72,65.1,6,0
13,96.85,3,0
51,69.75,4,0
71,99.2,4,0
22,96.7,2,1
2,55.05,2,1
56,106.8,4,0
1,51.25,1,0
23,57.75,3,0
66,70.85,3,0
1,19.55,0,0
19,88.2,2,1
11,79.5,2,0
8,19.75,0,1
52,98.15,4,0
3,20.25,0,0
51,79.15,2,0
15,75.65,0,1
64,94.25,3,0
37,40.2,2,0
13,19.95,0,0
49,55.35,1,0
45,102.15,3,0
18,71.1,0,0
1,74.7,0,1
68,54.1,4,0
54,19.65,0,0
23,88.45,3,0
17,76.65,1,1
71,80.4,5,0
67,19.25,0,0
14,84.8,1,0
1,25.8,0,1
63,19.5,0,0
41,68.6,3,0
17,92.6,2,0
56,100.55,3,0
5,20.55,0,0
2,42.6,3,1
3,19.6,0,0
37,67.45,4,0
29,68.85,4,1
8,43.55,0,0
63,109.85,5,0
7,20.65,0,0
3,95.4,3,0
72,21.0,0,0
19,56.2,1,0
59,18.4,0,0
2,90.0,3,1
35,25.75,0,0
14,19.6,0,0
14,75.35,1,1
69,19.8,0,0
7,64.2,3,0
69,75.75,5,0
72,78.95,4,0
8,100.85,3,1
4,50.3,1,0
63,80.3,2,0
72,19.85,0,0
46,21.1,0,0
5,69.95,0,1
30,50.0,1,0
63,104.75,4,0
60,19.85,0,0
63,107.5,4,1
25,85.9,2,0
1,45.85,0,1
6,80.8,1,0
22,25.25,0,0
31,80.55,4,0
39,81.5,2,0
26,20.9,0,0
53,106.1,5,1
1,91.7,3,1
12,67.25,3,0
16,95.6,3,1
2,20.35,0,0
39,45.05,3,0
1,74.95,0,1
7,34.65,2,0
4,69.35,0,0
10,95.35,2,1
55,81.55,2,0
72,75.4,4,0
10,67.8,3,0
11,111.4,5,0
15,46.3,0,0
23,20.4,0,0
1,20.05,0,0
3,45.0,0,1
47,96.1,4,0
15,19.65,0,0
66,99.5,4,1
68,60.65,3,0
17,98.6,4,1
7,59.5,2,1
12,80.45,1,1
21,71.7,3,0
21,36.0,2,0
56,65.2,2,0
6,48.95,0,0
65,53.5,4,0
42,80.45,4,0
68,109.05,5,0
48,26.3,0,0
50,106.8,4,0
7,64.95,3,0
63,19.35,0,0
17,21.1,0,0
42,77.95,1,1
4,18.85,0,0
62,26.0,0,0
2,74.7,1,1
2,70.35,0,0
48,96.9,4,0
27,19.55,0,0
70,80.4,5,0
1,88.8,2,1
46,94.65,3,0
30,90.25,2,1
15,64.65,2,1
69,95.75,3,0
65,19.55,0,0
72,104.1,5,0
13,89.05,3,1
17,20.1,0,0
51,111.55,5,0
51,60.5,3,0
72,90.95,6,0
67,87.4,2,1
34,19.7,0,0
67,50.95,4,0
49,20.05,0,0
53,19.4,0,0
27,59.45,2,0
23,94.75,3,1
69,81.5,5,0
2,29.05,1,0
35,86.45,1,1
46,70.6,4,0
54,97.2,3,0
56,98.25,3,1
9,75.75,1,1
20,59.2,2,0
11,75.9,1,0
30,90.05,2,0
68,70.95,4,0
38,102.6,4,0
17,85.35,2,1
48,106.1,4,1
1,43.8,0,0
63,59.0,5,0
3,69.95,3,0
48,24.35,0,0
66,29.45,1,0
68,84.4,2,0
17,45.05,0,1
7,20.65,0,0
72,87.1,6,0
29,19.85,0,0
37,90.35,3,0
34,109.8,5,1
42,84.65,1,1
59,65.5,3,0
11,79.5,1,1
60,80.95,1,0
27,56.15,2,0
1,85.8,1,1
1,79.1,1,1
17,34.4,2,0
58,20.75,0,0
1,18.8,0,0
3,44.3,0,1
53,90.8,3,0
35,25.6,0,0
50,105.95,4,1
68,70.8,3,0
47,25.4,0,0
65,108.8,4,0
5,69.75,0,1
51,94.65,2,1
46,96.05,2,1
9,76.85,0,0
8,20.25,0,0
14,24.8,0,0
45,115.65,6,0
8,74.6,0,0
1,50.15,1,1
66,103.15,5,0
72,72.1,4,0
41,113.6,6,1
23,25.1,0,0
29,78.9,1,1
4,80.15,1,0
6,25.4,0,0
67,105.4,5,0
7,45.75,0,0
56,24.45,0,0
72,25.0,0,0
72,85.25,5,0
23,19.6,0,0
35,50.15,0,0
27,70.55,0,0
26,60.05,2,1
12,26.4,0,0
40,20.15,0,0
7,58.85,5,0
70,97.55,3,0
60,19.65,0,0
39,25.25,0,0
72,114.45,6,0
1,34.7,1,1
54,70.7,3,0
3,85.3,1,1
63,75.55,5,0
71,84.8,2,0
42,20.65,0,0
47,20.45,0,0
66,102.45,4,1
21,104.4,4,1
11,35.65,2,0
1,99.75,3,1
55,90.45,3,0
69,97.65,4,0
3,73.85,1,0
4,74.4,4,1
30,69.1,3,0
5,82.75,2,0
71,24.4,0,0
29,55.25,1,0
52,61.35,2,0
68,76.75,4,0
46,19.4,0,0
8,54.75,1,0
72,19.7,0,0
17,19.9,0,0
3,107.95,5,0
2,83.8,2,0
9,74.25,1,1
51,56.4,4,0
6,20.1,0,0
3,94.9,2,0
17,94.2,2,0
30,49.9,0,0
31,71.05,3,0
45,81.65,5,0
64,89.45,3,0
1,59.85,1,1
1,69.6,0,1
61,99.0,3,0
1,19.05,0,0
9,45.4,2,1
72,114.45,6,0
1,19.5,0,1
7,44.25,0,0
66,90.55,3,0
1,69.9,0,1
40,20.4,0,0
16,71.4,3,0
2,87.15,2,1
67,24.85,0,0
41,104.45,5,0
56,19.8,0,0
72,116.45,6,0
3,84.75,1,1
54,20.05,0,0
52,110.75,5,0
50,89.7,3,0
14,89.95,2,1
27,48.7,1,0
72,96.6,4,0
62,74.3,4,0
12,54.3,2,0
44,74.85,4,0
54,79.95,2,0
68,20.05,0,0
20,19.4,0,0
50,54.9,1,0
58,24.45,0,0
35,89.65,2,0
2,45.4,0,0
63,75.7,4,0
58,110.65,5,0
27,20.55,0,0
71,115.15,6,0
63,58.55,2,0
71,93.25,3,0
41,113.2,5,1
13,90.5,2,1
2,79.0,1,1
68,19.35,0,0
1,48.75,1,0
65,109.05,5,0
72,25.0,0,0
28,54.9,1,0
72,24.75,0,0
2,91.15,3,0
18,20.15,0,1
60,104.35,4,0
26,66.05,2,0
1,71.65,0,1
4,20.35,0,1
68,92.2,6,0
38,84.25,3,1
42,105.2,4,0
57,19.6,0,0
54,30.4,1,0
12,78.1,1,1
44,61.5,3,0
42,69.4,3,0
72,24.75,0,0
71,91.05,6,0
19,89.65,2,1
23,73.65,3,0
30,19.4,0,0
35,26.2,0,0
10,98.7,3,1
1,43.85,0,0
22,69.7,0,0
7,38.55,3,0
36,53.1,5,0
34,20.65,0,0
72,64.45,3,0
36,25.1,0,0
1,76.35,1,1
23,79.15,1,1
32,85.0,1,1
71,95.15,4,0
23,79.35,1,0
17,96.65,3,0
1,75.5,4,0
12,19.7,0,0
72,20.5,0,0
1,19.2,0,0
72,98.35,3,0
60,74.35,0,0
61,51.35,4,0
6,45.65,0,0
32,85.3,1,1
31,86.55,1,1
19,73.85,1,1
72,20.3,0,0
32,54.2,1,0
65,90.65,2,0
45,50.9,3,0
42,25.05,0,0
8,74.85,0,0
32,20.5,0,0
22,63.55,3,0
57,44.85,2,1
1,47.95,1,0
1,45.1,0,1
1,45.0,0,0
24,96.0,3,1
1,20.05,0,1
54,90.05,2,0
4,25.3,0,0
65,108.65,5,1
56,24.3,0,0
45,75.95,4,0
71,19.7,0,0
59,66.4,4,0
69,35.75,2,0
19,18.8,0,0
55,19.4,0,0
38,19.3,0,0
10,45.55,0,1
47,67.45,3,0
2,35.1,1,1
1,46.2,0,1
1,45.15,0,1
1,43.3,3,1
46,20.1,0,0
38,57.15,2,1
65,58.9,3,0
19,73.2,1,1
52,85.35,2,1
71,19.45,0,0
1,45.95,0,1
52,50.5,4,0
6,25.1,0,0
26,60.7,2,0
48,99.0,3,0
64,104.4,4,0
3,83.75,2,1
1,44.05,0,0
72,24.1,0,0
1,45.55,0,0
51,93.8,3,0
41,19.7,0,0
72,70.65,4,0
43,86.45,5,0
72,114.1,6,0
47,95.2,2,0
72,88.55,6,0
3,20.75,0,0
1,70.05,0,1
2,86.0,1,1
26,44.65,3,0
29,60.2,2,0
35,100.5,4,1
27,55.45,2,0
24,70.3,4,0
67,60.4,3,0
16,72.65,0,1
23,55.8,2,0
14,31.1,1,0
1,21.0,0,1
1,45.1,0,1
4,50.95,3,0
16,69.1,3,0
46,43.95,2,0
68,86.5,5,0
38,69.95,4,0
30,50.4,1,1
5,78.95,1,1
17,90.95,3,0
4,19.9,0,0
12,20.15,0,0
72,90.6,6,0
3,92.0,2,0
56,94.45,3,1
41,24.85,0,0
40,36.0,2,0
7,78.5,5,0
69,19.95,0,0
7,20.65,0,0
5,30.5,1,0
72,106.1,5,0
44,20.5,0,0
65,95.5,3,0
3,64.6,2,0
24,51.1,1,0
44,84.8,2,1
72,89.1,6,0
24,54.95,2,0
1,50.9,1,1
22,20.45,0,0
70,85.95,5,0
25,60.35,1,0
37,19.8,0,0
22,85.35,1,0
59,72.1,3,0
49,99.8,3,1
47,107.35,4,1
31,19.55,0,1
1,81.05,1,0
3,20.5,0,0
53,111.8,5,0
1,20.2,0,0
20,19.7,0,0
3,79.1,2,1
51,19.85,0,0
51,60.5,3,0
13,19.55,0,0
1,20.9,0,0
1,21.05,0,0
63,71.5,4,0
3,54.65,1,0
46,19.2,0,0
1,49.8,0,0
8,25.5,0,1
71,20.5,0,0
55,90.4,2,0
70,90.25,3,0
2,80.75,1,1
67,104.6,4,0
65,91.85,2,1
14,50.2,1,0
20,95.5,3,0
1,75.35,1,1
1,75.45,0,1
49,95.4,2,0
72,101.3,4,0
46,53.1,1,0
24,84.85,2,0
5,34.25,2,0
33,88.6,3,0
42,60.15,2,0
23,99.95,4,0
8,70.7,0,0
66,54.8,2,0
24,49.55,1,1
24,54.8,1,0
69,78.6,5,1
53,100.3,4,0
60,53.6,4,0
7,81.1,1,1
20,19.35,0,0
23,85.6,1,0
72,80.8,5,0
11,74.95,0,1
21,19.6,0,0
1,93.55,2,1
31,90.7,2,0
57,69.75,4,0
45,20.0,0,0
10,95.25,3,0
58,102.1,4,1
14,19.95,0,0
27,80.85,4,0
14,90.9,2,1
12,29.2,1,1
69,93.3,3,0
25,89.15,3,1
58,108.85,5,1
35,46.35,3,0
16,84.75,1,1
45,78.75,4,0
17,83.55,2,0
1,45.7,0,1
22,19.6,0,0
1,69.95,0,1
67,67.85,4,0
67,105.65,4,0
2,44.6,2,1
23,74.95,0,1
9,75.5,1,0
5,20.15,0,0
54,45.2,3,0
57,95.25,3,1
24,89.85,2,1
49,100.45,3,1
5,47.15,0,1
2,80.2,1,1
4,87.1,2,1
70,79.25,5,0
5,75.9,0,1
53,85.7,5,0
47,98.75,4,1
31,20.1,0,0
13,61.8,3,0
28,49.9,0,0
10,86.45,1,1
38,20.4,0,0
1,45.3,0,1
67,104.1,4,1
52,75.4,4,0
62,108.15,6,0
16,86.25,2,0
5,81.0,1,1
12,95.7,3,0
72,116.85,6,0
71,105.75,4,0
24,20.15,0,0
15,19.6,0,0
67,90.6,3,1
2,60.95,2,0
5,25.05,0,0
15,88.15,2,1
1,20.2,0,1
41,60.3,3,0
43,63.95,3,0
1,74.3,0,0
1,70.6,0,0
26,90.8,2,1
22,79.35,1,1
71,90.55,6,0
7,19.45,0,0
28,64.45,3,0
16,69.65,0,0
7,19.5,0,0
69,110.5,5,0
1,24.7,0,0
3,77.4,4,0
21,96.8,3,1
69,85.4,2,0
71,47.6,4,0
69,19.4,0,0
48,103.85,4,0
47,83.35,2,1
2,49.4,0,1
45,108.45,5,0
51,81.0,1,0
22,79.2,4,1
72,86.65,6,0
37,92.95,3,0
71,90.35,6,0
7,48.7,1,1
66,25.15,0,0
51,76.4,4,0
30,19.55,0,0
34,85.35,1,0
64,24.8,0,0
65,103.15,4,0
47,100.75,4,0
1,95.6,3,1
49,59.75,2,1
67,94.1,3,0
39,19.35,0,0
14,19.9,0,0
43,108.15,5,1
56,101.05,3,0
14,59.1,2,0
1,71.35,0,1
16,55.85,2,0
70,106.05,4,0
72,84.1,5,0
23,75.3,1,0
21,24.7,0,0
1,20.15,0,1
1,69.75,0,1
32,93.2,2,1
17,80.85,1,1
4,33.65,2,1
36,55.8,1,0
50,39.7,3,0
48,29.5,1,0
50,20.15,0,0
72,79.55,5,0
10,24.8,0,0
18,19.65,0,0
1,79.95,1,1
1,19.3,0,1
9,94.05,3,0
2,90.75,2,0
40,78.85,1,0
69,99.5,3,0
37,99.2,4,1
18,80.55,1,0
11,70.2,0,0
8,85.2,1,1
3,75.25,0,1
55,59.45,2,0
33,93.35,3,0
46,44.95,0,0
34,26.1,0,0
3,20.2,0,0
30,21.25,0,0
33,59.4,2,0
45,95.0,3,0
40,61.9,3,0
71,118.65,6,0
1,54.35,1,1
72,64.45,6,0
22,80.15,1,0
46,20.2,0,0
55,21.0,0,0
1,20.45,0,0
12,75.85,3,0
31,80.45,1,0
5,24.95,0,1
67,75.5,3,0
1,44.45,0,0
40,42.35,3,1
41,74.55,4,0
1,75.3,0,1
51,94.8,3,1
42,48.15,4,0
23,19.65,0,0
1,70.55,0,1
1,20.15,0,0
56,106.6,4,0
15,91.0,2,0
12,25.4,0,0
54,69.95,4,0
7,66.85,2,0
33,86.15,1,1
16,20.15,0,0
21,64.85,3,0
30,74.85,3,0
3,50.5,1,0
11,72.9,1,0
62,115.05,6,0
18,19.0,0,0
6,19.55,0,0
46,101.1,3,0
21,84.1,1,0
68,24.15,0,0
1,50.1,0,0
25,74.6,1,0
24,19.75,0,0
30,85.0,1,1
2,80.55,1,1
51,106.8,4,0
57,84.5,5,0
15,25.05,0,0
72,83.7,6,0
2,75.8,1,1
28,96.6,3,0
29,98.5,3,1
70,101.1,5,0
13,20.2,0,0
59,94.05,4,0
13,95.25,2,1
7,74.4,0,1
62,81.0,5,0
21,60.25,3,0
2,60.85,2,0
1,43.95,0,0
4,86.05,2,0
19,20.25,0,0
30,85.15,2,1
67,19.4,0,0
72,102.65,4,0
53,19.9,0,0
5,19.55,0,0
71,95.5,4,0
50,84.15,5,0
56,103.2,4,0
2,50.2,1,0
2,88.55,2,1
24,54.75,1,1
46,19.95,0,0
71,116.25,6,0
29,31.2,1,0
69,24.45,0,0
71,84.2,5,0
1,91.3,2,1
56,85.65,6,0
56,21.2,0,0
1,79.5,1,1
28,25.55,0,0
19,20.2,0,0
66,63.85,2,0
17,61.95,2,0
52,25.75,0,0
19,58.2,2,0
36,85.85,6,0
7,70.1,0,1
72,104.9,5,0
67,111.3,5,1
34,99.85,4,0
57,95.25,3,1
7,86.25,2,1
1,100.8,3,1
8,19.55,0,0
69,104.0,4,0
50,104.4,4,0
10,19.5,0,0
12,25.25,0,0
14,86.3,2,1
70,49.85,4,0
64,108.95,5,0
66,89.9,6,0
71,82.0,5,0
20,89.95,2,0
72,79.35,5,0
71,64.05,4,0
38,101.15,3,0
28,89.95,2,1
17,76.45,1,1
33,39.1,2,0
23,34.6,2,0
58,19.55,0,0
70,104.45,4,0
4,70.5,0,0
45,20.35,0,0
10,70.0,0,1
36,19.45,0,0
54,69.9,4,0
23,59.7,2,0
41,78.35,4,0
5,71.45,0,0
27,45.85,3,0
1,95.85,3,0
67,35.7,2,0
72,89.55,6,0
56,24.95,0,0
44,24.85,0,0
66,100.8,3,0
34,64.4,3,1
69,105.35,4,0
1,102.45,4,1
40,19.65,0,0
30,54.45,1,0
11,70.5,3,0
15,20.1,0,0
11,69.35,3,0
64,19.8,0,0
72,74.4,5,0
72,93.05,4,0
1,51.2,1,0
15,65.6,4,0
60,80.55,4,0
56,52.7,2,0
8,20.85,0,0
3,80.1,2,1
49,52.15,0,0
2,80.2,1,1
6,98.15,5,1
70,114.95,6,0
12,112.95,5,1
52,104.45,5,0
72,113.65,6,0
40,20.6,0,0
1,70.9,0,1
3,86.85,2,1
40,91.55,2,0
1,49.85,1,0
30,19.8,0,0
23,99.85,4,1
1,74.5,0,1
44,104.15,4,0
65,109.15,5,1
7,48.2,1,0
72,25.1,0,0
8,100.15,3,0
16,65.2,2,1
66,99.5,3,1
1,71.55,0,1
3,55.9,2,0
53,93.9,3,1
8,64.4,3,0
69,108.4,5,1
5,85.3,2,0
72,107.45,5,0
13,48.75,3,1
4,85.65,1,1
54,91.3,6,0
72,85.95,5,0
12,106.7,4,1
1,25.15,0,1
1,45.2,0,0
54,110.35,5,1
69,79.2,1,0
48,55.5,2,0
48,103.25,4,1
8,90.25,2,0
71,91.25,6,0
2,47.8,1,1
67,100.9,4,0
34,97.7,3,0
3,69.85,0,0
9,65.6,3,0
71,104.65,5,0
57,90.45,2,0
72,63.7,6,0
48,104.5,5,0
18,20.1,0,0
43,104.3,4,0
72,93.25,6,0
35,73.45,3,0
4,20.7,0,0
49,25.25,0,0
71,100.5,4,0
11,90.6,2,0
63,89.4,6,0
65,95.45,3,0
49,20.45,0,0
29,98.6,3,1
15,83.05,2,1
4,19.95,0,0
72,109.15,5,0
26,85.7,2,0
35,102.05,3,0
57,94.7,3,0
28,64.4,2,0
25,26.8,0,0
47,66.05,3,0
57,65.2,3,0
16,85.05,1,0
5,55.8,2,0
17,70.4,0,1
56,104.75,4,1
72,19.95,0,0
21,94.25,2,1
48,45.0,3,0
68,114.9,6,0
30,106.4,4,0
3,46.1,0,0
14,39.7,3,0
4,20.05,0,0
71,95.75,3,0
8,24.4,0,0
61,33.6,2,0
72,90.45,3,0
5,84.0,1,0
49,67.4,4,0
8,19.7,0,0
3,80.35,1,0
9,19.6,0,0
67,54.2,2,0
46,45.2,0,0
67,75.1,4,0
55,19.7,0,0
33,72.75,4,0
62,20.05,0,0
1,45.95,0,1
49,39.2,2,0
1,44.75,0,0
14,82.65,2,0
18,93.9,3,0
1,70.15,0,1
1,85.55,2,1
72,117.15,6,0
64,99.25,4,0
69,112.55,6,0
1,25.7,0,0
71,90.3,6,0
66,49.4,1,0
2,19.4,0,0
71,109.7,6,0
11,61.25,2,0
47,55.3,2,0
35,70.3,0,1
32,106.35,4,1
60,103.75,4,0
11,19.5,0,0
29,39.5,3,0
21,26.05,0,0
48,91.05,2,0
3,29.65,1,0
43,50.2,1,0
5,105.3,4,0
1,55.45,1,0
71,85.45,5,0
8,19.8,0,0
8,59.25,1,0
20,90.7,2,0
33,103.7,4,1
71,79.05,1,0
31,90.7,2,0
38,95.0,3,0
1,88.35,2,1
2,30.25,1,0
12,49.85,3,0
9,93.0,4,0
11,54.55,2,0
6,19.7,0,0
71,84.8,6,0
42,94.45,3,0
8,94.2,3,1
5,96.25,3,1
2,70.7,0,1
45,20.85,0,0
28,60.0,5,0
43,80.45,1,0
60,84.95,5,0
42,33.55,2,1
7,49.65,4,0
25,20.2,0,0
40,94.55,2,1
27,100.5,3,0
10,35.75,2,0
27,86.45,2,0
11,53.8,2,0
4,38.55,2,0
68,39.9,2,0
1,70.05,0,0
18,20.1,0,0
57,112.95,5,1
26,20.3,0,0
17,35.65,2,0
1,35.9,1,1
38,99.25,3,1
59,82.95,3,0
30,55.65,2,0
2,24.45,0,1
50,25.2,0,0
9,50.8,4,0
3,19.65,0,0
14,59.8,2,0
31,73.55,1,0
7,61.4,3,0
8,103.35,4,1
17,19.9,0,0
32,19.45,0,0
2,81.5,1,0
7,84.8,1,1
72,109.55,5,0
31,99.95,3,1
27,74.4,1,0
18,90.0,2,1
7,74.9,1,0
14,104.85,4,1
11,59.65,2,0
72,110.45,5,0
28,106.1,4,1
15,74.2,0,1
4,74.45,0,0
71,24.55,0,0
5,89.35,3,1
47,24.55,0,0
57,90.65,3,0
50,105.05,4,0
8,20.45,0,0
48,19.55,0,0
70,19.7,0,0
1,70.45,4,0
8,85.65,1,0
1,77.15,0,1
1,35.25,1,1
60,20.55,0,0
49,97.95,3,0
4,48.55,3,1
29,20.0,0,0
67,25.25,0,0
53,98.4,3,1
67,70.9,4,0
6,19.85,0,0
47,106.35,4,0
53,99.5,5,0
69,84.7,6,0
3,86.05,2,0
4,44.55,0,0
56,75.85,4,0
59,93.85,2,1
61,25.0,0,0
2,45.0,0,0
46,100.7,4,1
12,20.5,0,0
14,80.45,1,1
28,90.45,2,0
24,60.45,3,0
31,55.25,2,1
68,78.45,5,0
39,100.55,3,0
42,20.35,0,0
13,54.45,4,1
6,90.75,2,0
35,75.35,0,1
38,20.25,0,0
18,20.05,0,0
4,19.6,0,0
27,53.8,2,0
41,70.2,4,0
50,75.5,4,0
72,20.35,0,0
70,26.05,0,0
44,20.6,0,0
2,75.7,1,1
34,20.1,0,0
72,24.3,0,0
71,24.5,0,0
64,110.5,5,0
72,25.25,0,0
1,74.25,0,1
29,90.1,3,0
23,68.75,4,0
52,19.2,0,0
25,89.7,2,1
64,115.1,6,0
16,96.4,2,1
1,69.5,0,1
24,99.65,3,0
2,91.45,2,0
34,84.75,6,0
36,85.25,1,1
53,78.75,4,0
47,20.25,0,0
72,19.9,0,0
72,97.75,4,0
1,19.4,0,1
9,83.3,1,1
8,80.1,1,1
45,62.7,3,1
7,100.4,4,0
71,24.45,0,0
41,101.1,4,0
67,50.9,3,0
69,107.2,5,0
70,92.2,6,0
25,25.3,0,1
72,113.4,6,0
34,40.55,2,0
65,26.0,0,0
70,111.95,6,0
72,53.8,4,0
35,72.1,3,0
13,98.15,3,1
12,78.85,4,0
62,70.75,4,0
25,76.15,4,0
52,39.1,3,0
8,69.95,0,0
2,20.05,0,0
56,20.05,0,0
12,19.45,0,0
47,26.9,0,0
2,19.2,0,0
18,50.0,1,0
8,60.0,2,0
45,84.55,2,0
3,45.45,0,0
38,20.05,0,0
72,115.55,6,0
46,93.7,3,1
71,99.0,4,0
66,50.55,3,0
25,105.95,4,1
18,82.0,4,1
13,25.0,0,0
65,91.55,6,0
60,95.75,3,1
15,19.35,0,0
72,24.85,0,0
30,94.05,2,1
42,100.4,4,0
71,25.0,0,0
1,54.75,1,1
39,95.65,2,1
35,19.25,0,0
53,108.25,5,0
1,94.6,2,1
31,98.9,4,1
48,20.15,0,0
30,101.3,3,0
10,20.0,0,0
12,105.3,4,0
57,69.85,4,0
58,65.25,3,0
37,19.8,0,0
44,19.6,0,0
27,20.05,0,0
8,49.4,1,0
3,76.05,0,1
25,88.4,3,0
57,100.6,3,0
12,19.45,0,0
62,20.3,0,0
65,107.65,5,0
71,80.45,4,0
21,58.85,2,0
71,109.6,5,0
7,75.15,1,0
72,73.0,5,0
1,70.1,0,0
72,98.65,4,0
64,111.45,5,0
72,114.9,6,0
29,100.55,3,0
13,20.4,0,0
31,104.35,4,0
1,69.75,0,1
7,34.5,2,1
61,105.55,4,1
39,30.1,1,1
10,70.3,0,1
14,80.45,4,0
1,80.2,1,1
67,94.35,3,1
72,91.35,6,0
6,44.6,0,1
1,19.6,0,1
25,19.9,0,0
33,110.45,5,1
18,68.35,4,0
71,79.1,5,0
28,51.0,0,0
2,80.55,1,0
17,66.7,3,0
56,86.4,2,0
60,50.05,4,0
33,25.7,0,0
1,83.4,3,0
2,70.7,0,1
63,84.65,2,0
7,99.25,3,1
55,64.75,3,0
65,100.15,4,0
1,84.8,2,1
63,25.25,0,0
70,113.0,6,0
36,40.65,3,0
52,105.0,5,1
22,54.45,1,1
22,94.95,4,0
5,59.9,3,0
47,85.3,2,1
33,83.35,1,1
18,33.5,2,1
1,19.8,0,0
56,81.8,5,0
2,20.0,0,0
35,59.6,2,0
64,25.0,0,0
15,84.35,2,0
24,90.35,2,1
1,55.55,1,0
70,75.35,4,0
1,90.75,2,1
4,89.6,2,1
39,59.3,2,0
29,66.1,2,0
14,18.8,0,0
61,86.45,5,0
13,52.1,1,0
66,47.4,4,0
2,49.25,3,1
59,109.15,5,0
62,94.95,3,0
33,93.55,4,0
66,79.5,5,0
72,115.05,6,0
1,19.75,0,1
19,95.15,3,1
51,95.15,3,0
63,105.4,4,0
27,20.1,0,0
22,101.35,3,1
4,20.05,0,0
42,20.7,0,0
29,20.35,0,0
4,70.05,0,1
30,19.7,0,0
4,74.65,0,1
71,85.45,6,0
46,40.4,3,0
4,50.4,0,1
7,79.65,1,1
69,105.2,4,0
72,100.65,4,0
19,79.85,1,1
28,91.0,3,0
5,78.75,1,1
72,116.75,6,0
8,80.45,1,1
7,59.1,2,0
22,49.8,1,0
72,19.3,0,0
8,19.65,0,0
52,81.4,5,0
68,38.9,3,0
71,87.95,6,0
2,19.85,0,0
34,96.35,3,0
35,24.15,0,0
61,19.1,0,0
1,44.0,0,0
1,50.1,0,1
53,60.6,2,0
72,25.65,0,0
2,76.4,1,1
3,98.7,4,1
13,100.8,3,1
41,53.95,4,0
24,20.4,0,0
28,90.1,2,1
8,29.35,1,0
1,20.45,0,0
54,95.1,3,0
41,25.25,0,0
19,44.9,0,0
72,92.65,6,0
62,43.7,4,0
56,72.6,4,0
15,51.55,0,1
10,79.25,1,1
32,18.95,0,0
21,20.5,0,0
62,19.95,0,0
2,24.5,0,0
27,20.6,0,0
5,94.85,2,1
25,61.05,5,0
2,85.7,1,1
49,106.65,4,0
63,108.25,5,0
4,20.4,0,0
1,55.3,1,0
11,20.25,0,0
52,72.95,0,0
60,89.45,2,0
64,104.65,4,0
43,75.2,4,0
61,101.15,3,0
1,44.4,0,1
5,89.5,2,1
66,68.75,4,0
67,111.05,6,0
42,99.0,4,0
1,86.05,1,1
31,21.0,0,0
7,19.4,0,0
4,44.55,2,1
34,77.2,3,0
3,19.45,0,0
19,24.85,0,0
31,35.4,2,1
1,95.65,2,1
3,41.35,3,0
46,19.6,0,0
1,20.95,0,1
69,84.45,2,0
5,20.25,0,0
1,19.65,0,0
26,20.65,0,0
10,34.7,1,1
25,99.3,4,0
64,81.05,2,0
30,67.6,4,0
13,70.15,0,0
64,115.0,6,0
46,84.8,2,0
12,19.7,0,0
15,19.75,0,1
17,92.55,2,1
13,63.15,3,0
67,74.0,4,0
24,29.1,1,0
6,50.05,1,0
53,60.05,2,1
16,74.3,1,1
10,20.0,0,0
13,74.65,1,0
9,85.35,1,1
25,74.3,5,1
7,44.4,3,0
38,85.4,5,0
43,94.1,3,0
4,98.1,4,1
25,108.9,5,0
27,56.2,2,0
72,26.1,0,0
71,85.45,2,0
24,88.95,2,0
50,109.65,5,1
57,74.35,4,0
15,48.85,1,0
4,80.1,1,0
28,56.05,2,0
9,74.55,0,1
55,89.8,2,0
3,100.95,3,1
10,94.9,3,1
55,19.1,0,0
20,20.35,0,0
62,106.05,4,0
32,104.9,4,1
43,19.65,0,0
9,24.1,0,1
60,59.85,3,0
58,86.1,5,0
7,19.45,0,0
2,97.1,3,0
37,36.65,2,0
65,103.9,4,0
39,19.75,0,0
66,104.05,4,1
68,24.55,0,0
62,48.7,4,0
3,88.35,3,1
72,109.55,5,0
41,20.65,0,0
29,94.65,3,1
4,55.2,2,0
53,24.05,0,0
1,74.4,0,1
41,79.9,5,1
39,20.45,0,0
63,19.25,0,0
15,26.35,0,0
13,43.8,0,0
1,50.15,1,0
1,20.45,0,0
8,69.7,0,1
60,61.4,3,0
12,98.1,3,1
40,70.75,3,0
66,61.15,3,0
42,20.25,0,0
66,63.85,3,0
49,98.7,3,0
1,20.5,0,1
41,20.0,0,0
41,19.3,0,0
23,84.4,3,0
3,25.1,0,0
4,48.25,4,0
52,19.85,0,0
4,99.6,3,1
11,94.2,4,0
2,62.15,2,0
26,79.3,1,0
24,56.25,2,0
12,20.3,0,0
60,99.0,3,0
64,90.6,6,0
66,85.9,6,0
60,79.2,1,0
17,70.35,3,0
42,19.35,0,0
1,50.15,0,0
47,63.8,3,0
10,20.55,0,0
70,88.55,6,0
67,101.4,3,0
1,81.95,1,1
7,69.35,0,1
1,44.6,0,0
4,63.75,3,0
66,109.25,5,0
12,84.6,2,0
24,20.45,0,0
26,85.75,2,0
6,91.1,2,1
57,107.95,4,0
14,86.1,1,1
42,22.95,0,0
25,94.7,2,1
64,19.45,0,0
22,85.1,1,1
19,19.7,0,0
61,99.15,3,1
22,87.0,2,0
70,102.95,4,1
12,79.95,1,0
31,64.0,3,0
11,64.9,2,0
68,25.75,0,0
72,90.15,6,0
67,116.1,6,0
60,104.95,5,0
1,45.05,0,1
1,71.0,0,1
58,50.0,4,0
47,70.55,0,1
1,79.7,1,1
1,20.45,0,0
22,59.0,2,1
48,60.35,3,1
37,19.85,0,0
13,19.95,0,0
43,26.45,0,0
6,63.4,6,0
71,53.95,5,0
1,69.25,0,1
72,95.1,3,0
6,74.1,1,0
12,35.5,2,0
25,70.95,0,1
21,79.2,2,0
6,48.8,1,0
20,89.0,2,1
18,99.4,3,1
43,55.45,2,0
35,25.4,0,0
1,73.5,1,1
32,93.5,3,0
52,63.9,6,0
32,64.85,2,0
72,63.8,6,0
51,44.45,3,0
68,19.95,0,0
8,43.35,3,0
49,49.65,3,0
72,85.1,6,0
9,95.5,2,1
28,92.35,3,1
54,89.8,3,0
11,74.55,1,1
50,103.05,4,0
69,116.0,6,0
1,69.9,0,0
68,95.1,4,0
40,40.25,3,0
31,25.75,0,0
33,105.35,4,0
55,113.6,5,0
68,24.0,0,0
12,19.4,0,0
71,86.1,6,0
40,102.65,4,0
64,92.85,3,0
53,97.75,3,0
12,83.8,3,1
53,54.45,4,1
72,97.95,4,0
46,19.95,0,0
40,24.6,0,0
12,50.95,4,0
9,75.6,1,0
51,80.75,1,0
49,90.4,3,0
41,99.8,3,1
56,60.25,3,0
4,20.2,0,0
20,64.15,3,0
26,20.25,0,0
20,105.85,4,1
7,75.45,0,1
7,93.85,2,1
51,99.0,4,0
4,80.3,1,0
1,19.55,0,0
27,100.75,4,0
22,100.75,3,1
12,53.75,2,0
3,31.0,1,1
34,25.6,0,0
24,58.35,2,0
51,80.0,1,1
14,46.35,2,0
59,113.75,6,0
3,90.4,3,0
65,109.3,5,0
5,70.25,0,1
59,90.3,6,0
72,65.25,6,0
62,100.15,4,1
28,94.5,3,1
3,60.65,2,0
19,24.1,0,0
1,19.5,0,0
24,85.95,3,0
57,53.5,2,0
72,25.45,0,0
67,20.5,0,0
52,20.85,0,0
71,89.9,6,0
26,26.0,0,0
35,113.2,6,0
55,69.05,0,0
33,20.1,0,0
72,109.65,5,0
1,19.2,0,0
10,33.9,1,1
37,90.0,3,0
12,34.0,2,0
1,20.4,0,0
62,38.6,3,0
1,25.25,0,0
18,60.6,2,0
69,89.95,2,1
2,74.75,1,0
19,20.6,0,0
12,84.45,1,1
9,20.4,0,0
27,81.7,5,0
27,79.5,1,1
1,89.15,2,1
24,20.3,0,0
14,74.95,0,1
32,74.4,1,1
11,20.0,0,0
1,25.0,0,0
38,80.45,1,0
9,19.75,0,0
54,65.65,3,0
29,71.0,2,0
44,89.2,2,0
59,86.75,6,0
3,55.3,1,1
18,61.5,3,0
67,25.1,0,0
22,55.15,2,1
33,34.05,2,0
5,19.95,0,0
2,19.95,0,0
72,89.7,6,0
9,20.4,0,0
67,26.3,0,0
16,84.95,1,1
8,20.7,0,0
5,43.25,4,1
23,48.35,0,1
1,79.55,1,1
50,71.05,0,1
17,19.45,0,0
68,110.8,5,0
1,84.5,1,1
25,69.3,0,0
67,49.35,4,0
32,20.35,0,0
67,105.6,4,0
72,64.45,6,0
71,108.6,5,1
1,49.9,1,0
46,30.3,1,1
2,30.4,1,1
1,45.4,0,1
48,65.65,3,0
61,103.3,4,0
32,84.15,2,1
2,44.45,0,0
3,19.75,0,1
5,85.4,2,1
71,89.9,6,0
37,55.05,1,0
65,104.1,4,0
67,106.6,4,0
49,75.2,0,1
50,70.5,3,0
25,19.6,0,0
17,55.85,1,1
64,24.05,0,0
25,38.1,2,0
23,106.4,4,1
24,34.25,2,0
37,100.05,3,0
21,68.65,0,0
1,45.8,0,0
10,75.75,0,0
6,84.4,2,1
51,96.4,3,0
10,20.55,0,0
6,50.95,4,0
47,90.5,6,0
61,79.4,5,0
52,58.75,5,0
35,59.45,2,0
71,105.7,4,0
6,56.25,2,1
45,53.3,2,0
2,85.55,1,1
4,68.65,3,1
2,24.3,0,0
4,77.85,1,1
51,59.9,2,0
60,23.95,0,0
9,20.15,0,0
3,105.35,4,1
17,95.65,3,0
8,87.05,1,1
46,81.0,5,0
68,82.45,6,0
1,53.5,1,1
4,20.5,0,0
1,25.1,0,1
28,54.4,2,0
39,58.6,2,0
11,84.8,2,0
71,61.4,5,0
2,20.4,0,0
30,79.65,2,1
17,20.15,0,0
55,94.45,3,0
58,79.8,1,0
5,54.2,2,1
1,19.45,0,1
9,74.05,0,0
26,49.15,1,0
50,19.4,0,0
72,113.65,6,0
43,106.0,5,0
56,25.95,0,0
1,19.1,0,0
72,103.4,4,1
72,100.55,4,0
36,95.4,2,0
5,75.15,4,0
13,84.45,2,1
44,89.15,3,0
70,107.9,5,0
44,19.5,0,0
32,85.95,1,1
69,24.95,0,0
16,59.4,2,1
68,19.5,0,0
16,69.95,0,0
68,82.85,5,0
4,19.0,0,0
26,38.85,3,0
29,30.6,1,1
5,20.35,0,0
70,95.0,3,0
24,74.4,4,0
72,78.45,5,0
1,74.3,1,0
70,51.05,4,0
36,19.2,0,0
38,99.55,3,1
17,70.0,0,1
41,109.1,5,0
1,45.3,0,1
2,29.85,1,1
14,76.45,1,0
2,95.1,4,1
1,19.8,0,1
13,72.8,4,0
6,18.95,0,0
4,76.65,1,1
5,99.15,4,1
15,101.75,4,0
47,75.45,1,0
8,64.1,3,0
17,25.65,0,0
15,75.1,1,0
26,95.85,4,0
23,54.4,1,0
4,72.75,1,0
29,19.85,0,0
25,19.05,0,0
9,44.95,0,1
18,49.55,1,1
3,94.85,2,0
69,46.25,4,0
14,19.35,0,0
19,69.6,2,0
39,90.7,2,0
31,101.4,4,0
24,20.25,0,0
14,48.8,1,0
64,74.35,5,0
50,19.35,0,0
52,68.75,4,0
28,100.2,3,0
21,20.85,0,0
25,95.9,3,1
17,19.35,0,0
58,45.0,2,0
17,81.5,1,1
51,25.5,0,0
72,48.9,4,0
52,84.1,2,1
27,19.6,0,0
3,20.0,0,0
64,81.3,5,0
45,95.2,3,0
3,36.45,1,1
71,83.3,5,0
1,25.05,0,1
58,20.3,0,0
34,89.85,3,0
8,49.85,1,1
15,19.8,0,0
66,54.65,4,0
12,29.35,1,0
58,19.15,0,0
3,19.1,0,0
43,55.55,4,1
9,80.55,2,0
3,20.25,0,0
22,69.5,3,1
40,106.0,4,0
68,25.5,0,0
54,104.3,4,1
50,79.6,4,0
1,55.25,1,0
72,88.05,6,0
40,20.4,0,0
72,117.6,6,0
6,20.0,0,0
5,19.65,0,0
48,70.55,3,0
1,93.85,2,1
64,65.8,3,0
17,20.05,0,0
40,80.0,2,0
41,35.4,2,0
51,79.6,1,0
41,80.25,1,0
1,50.45,1,1
2,20.45,0,0
68,79.6,2,0
24,24.7,0,0
70,77.3,4,0
3,29.75,1,0
2,44.9,0,0
3,29.8,1,0
7,74.65,3,1
13,71.95,3,0
7,20.75,0,0
12,56.3,1,0
53,105.25,4,0
12,94.2,2,1
63,19.55,0,0
15,84.45,6,0
36,53.65,2,0
4,29.9,1,0
24,19.7,0,0
61,43.7,4,0
16,55.3,1,0
65,19.85,0,0
26,19.65,0,0
16,49.45,1,0
54,106.55,4,1
1,20.1,0,1
5,20.45,0,0
19,39.7,2,0
10,54.5,1,0
23,83.8,3,1
3,55.15,1,1
72,111.6,5,0
10,86.65,1,1
10,55.55,2,0
11,20.55,0,0
37,106.75,4,1
17,62.1,2,0
36,104.5,4,0
17,101.8,4,0
66,110.6,5,0
61,84.9,6,0
22,93.2,3,0
1,24.4,0,0
6,70.55,0,0
31,78.45,2,1
68,85.0,6,0
34,87.45,2,1
52,85.8,3,0
10,91.1,3,0
29,70.75,0,1
72,20.1,0,0
47,20.05,0,0
24,74.8,3,0
65,24.8,0,0
4,100.85,3,0
12,101.35,3,1
1,81.7,1,1
33,68.25,0,1
34,105.1,5,0
14,20.4,0,0
4,79.15,1,1
13,20.0,0,0
65,79.4,4,0
23,57.2,2,0
55,58.6,3,0
49,94.8,3,0
60,102.5,4,0
69,20.35,0,0
40,84.9,1,0
67,69.2,4,0
35,95.45,2,1
19,100.95,3,1
13,20.85,0,0
41,88.5,2,0
4,35.0,2,0
24,55.15,2,0
5,50.95,3,0
5,64.0,2,0
1,69.1,0,1
72,80.2,5,0
24,49.3,1,0
42,84.35,5,0
4,20.05,0,0
68,117.2,6,0
33,20.1,0,0
1,69.6,0,1
31,103.45,4,1
4,77.95,1,1
69,109.95,5,0
38,94.75,2,0
3,80.0,2,0
48,79.65,4,0
15,25.2,0,0
25,19.9,0,0
1,78.45,1,1
48,44.8,3,0
1,20.3,0,0
1,19.2,0,0
37,80.05,2,0
66,107.35,5,0
26,47.85,4,0
63,70.8,4,0
10,29.5,1,1
2,70.75,3,1
18,59.1,2,0
64,25.55,0,0
9,84.45,1,1
28,20.25,0,0
1,75.55,1,0
4,85.65,1,1
38,70.15,4,1
66,95.3,3,0
1,70.25,0,0
18,50.3,1,0
51,97.8,3,1
0,19.85,0,0
1,46.3,0,1
12,19.35,0,0
41,106.3,4,1
12,25.0,0,0
55,20.3,0,0
7,75.35,0,0
12,89.4,3,1
68,88.0,6,0
5,83.15,1,1
49,43.8,0,0
40,62.05,5,0
16,20.1,0,0
10,74.15,0,1
72,101.35,4,0
2,84.05,1,0
23,20.9,0,0
71,105.9,4,0
11,99.5,3,1
1,44.15,0,1
16,53.9,2,1
1,85.45,1,1
12,85.05,2,0
54,44.1,3,0
68,90.2,3,0
4,50.85,0,1
1,59.2,2,1
27,53.45,2,0
21,19.95,0,0
13,83.2,2,1
64,74.65,4,0
1,54.9,2,1
57,57.5,5,0
21,103.9,4,1
19,19.65,0,0
31,93.8,3,0
52,89.25,6,0
46,94.15,3,0
11,55.6,1,0
53,48.7,4,0
11,19.25,0,1
57,104.9,4,0
2,75.45,0,1
2,54.85,2,1
71,19.9,0,0
1,19.4,0,0
68,25.05,0,0
72,84.45,6,0
2,19.3,0,0
1,95.1,2,1
41,79.85,5,0
72,25.55,0,0
6,75.5,0,1
4,73.75,1,1
12,96.05,2,1
58,68.4,3,0
7,20.65,0,0
65,55.15,2,0
1,70.6,0,0
56,19.95,0,0
4,19.0,0,0
58,44.1,0,0
62,107.6,4,0
26,61.55,2,0
62,90.7,3,0
58,99.25,4,0
68,91.7,6,0
61,100.7,4,0
42,78.45,4,0
18,84.3,1,0
56,19.55,0,0
4,88.95,2,1
4,20.45,0,0
35,55.6,2,0
64,86.8,2,0
31,20.95,0,0
67,20.05,0,0
4,50.7,1,1
70,113.65,6,0
3,53.4,1,1
53,101.9,3,1
2,59.5,3,0
29,87.8,2,0
47,41.9,3,0
68,83.0,1,1
12,69.85,3,0
8,56.3,2,0
54,109.55,5,0
69,92.15,3,0
26,69.5,3,0
72,97.0,4,0
70,58.35,5,0
1,50.6,1,1
10,89.5,2,1
28,70.4,0,0
1,69.8,0,1
21,94.3,2,0
51,93.8,3,1
53,19.55,0,0
53,95.95,4,0
24,101.05,3,1
70,94.8,6,0
61,107.75,5,0
11,54.6,2,0
2,71.3,0,0
25,19.5,0,0
41,56.3,1,0
18,94.7,2,1
72,104.15,4,1
71,90.55,6,0
34,60.8,3,0
29,98.8,4,0
40,98.15,5,0
36,35.35,2,0
46,103.15,4,0
58,107.75,5,0
39,81.4,1,0
4,61.45,2,1
52,95.7,3,0
70,104.8,4,0
65,70.95,0,0
1,44.95,0,0
70,97.65,3,0
29,35.65,2,0
1,90.55,2,1
67,85.25,5,0
1,19.5,0,0
26,88.8,2,1
30,25.1,0,0
48,100.05,4,0
55,55.7,2,0
7,85.2,1,1
37,91.15,2,0
31,83.85,2,0
4,45.9,0,0
72,25.1,0,0
5,91.4,2,1
1,19.7,0,0
15,91.5,2,0
8,51.3,1,0
35,21.1,0,0
56,104.75,4,0
42,106.15,4,1
65,85.75,2,0
2,20.3,0,0
65,100.75,3,0
18,74.15,0,0
23,78.55,4,0
4,45.3,0,1
70,19.85,0,0
4,50.7,0,0
19,45.0,0,0
18,77.8,2,0
38,83.45,2,0
2,73.25,0,1
47,94.8,3,0
52,20.1,0,0
9,59.9,1,0
26,90.1,6,0
8,51.05,1,1
44,70.95,4,0
3,29.2,1,0
2,46.6,0,0
9,85.35,1,1
1,75.35,0,1
25,74.3,1,0
2,69.3,0,0
43,75.2,1,1
1,20.9,0,1
58,94.3,3,0
59,76.45,4,0
44,54.0,4,0
66,104.25,4,0
68,19.95,0,0
9,24.95,0,0
19,84.75,2,0
4,19.75,0,0
70,113.65,6,0
1,44.9,0,0
8,75.25,0,0
53,24.6,0,0
51,25.0,0,0
11,20.95,0,0
60,110.6,5,0
17,55.5,2,0
3,43.3,0,1
70,109.5,6,1
1,19.45,0,0
43,84.85,1,0
16,19.6,0,0
57,53.45,2,0
37,19.8,0,0
72,112.1,6,0
11,84.8,1,1
50,95.05,3,1
5,50.35,1,1
1,74.6,0,1
16,19.7,0,1
2,74.2,1,0
17,69.0,3,0
16,19.35,0,0
15,59.45,2,1
10,19.8,0,0
46,105.2,5,1
64,109.2,5,0
1,79.15,1,0
25,53.65,2,0
71,100.2,5,0
8,45.15,0,1
72,108.65,6,0
49,40.65,2,0
29,55.35,5,0
72,105.6,5,0
31,93.8,3,1
50,95.7,2,0
71,83.2,5,0
70,90.05,6,0
71,97.65,3,0
61,68.05,4,0
32,96.2,3,1
1,79.6,1,1
68,102.1,4,0
62,23.4,0,0
7,71.05,0,0
20,85.25,1,1
6,19.45,0,0
33,59.45,5,0
28,92.2,2,0
27,19.85,0,0
7,43.9,0,0
26,80.5,1,1
5,89.8,2,1
30,90.5,2,0
63,90.45,2,0
1,50.75,1,1
53,84.6,5,0
14,89.65,3,1
21,99.15,4,0
17,19.95,0,0
16,20.5,0,0
35,62.1,2,0
32,79.5,1,0
28,19.55,0,0
1,20.35,0,0
59,51.7,3,0
72,23.3,0,0
36,65.4,3,1
40,65.1,3,0
40,81.2,1,0
9,72.9,4,1
63,74.5,5,0
3,80.5,1,0
40,60.3,5,0
8,75.0,1,0
34,90.15,3,0
5,40.0,3,1
9,99.45,3,1
9,69.05,3,0
31,59.7,1,0
50,19.85,0,0
2,86.25,3,1
1,45.65,0,1
8,70.1,0,1
9,40.75,2,0
2,70.2,0,1
3,55.35,2,1
25,95.7,3,0
1,46.3,0,0
45,81.3,5,0
51,84.2,2,1
55,20.0,0,0
38,66.15,3,0
2,45.85,0,1
38,19.6,0,0
34,49.8,1,0
70,101.75,3,0
13,55.15,2,0
39,75.25,0,1
61,103.95,4,0
12,100.15,3,1
41,99.65,4,0
21,73.7,0,0
55,50.05,3,0
69,60.25,5,0
26,105.75,4,1
69,87.3,3,0
18,48.35,3,1
47,54.25,1,0
72,85.3,6,0
33,50.0,4,0
2,24.4,0,1
72,90.95,6,0
37,72.25,0,0
62,96.1,3,0
71,19.85,0,0
23,55.3,2,0
16,20.1,0,0
9,69.5,4,0
17,25.15,0,0
4,20.95,0,1
1,49.55,1,1
24,79.65,1,0
1,71.25,0,0
72,113.8,6,0
72,24.55,0,0
11,19.7,0,0
9,20.25,0,1
2,50.15,1,1
60,100.5,3,0
29,95.9,3,1
49,74.45,4,0
30,104.1,4,0
53,19.05,0,0
39,25.0,0,0
9,19.05,0,0
39,81.9,2,0
8,69.7,0,0
51,90.15,2,0
71,25.35,0,0
71,24.65,0,0
70,19.55,0,0
1,25.25,0,1
38,60.0,5,0
28,89.9,3,0
32,19.4,0,0
49,49.8,1,0
37,24.1,0,0
10,54.25,2,0
67,109.9,5,0
7,35.5,2,0
51,87.55,2,0
9,45.15,0,1
9,88.4,2,0
4,50.8,1,0
71,99.0,4,0
50,84.4,1,1
24,96.55,3,0
22,59.75,2,0
44,111.5,5,0
33,24.25,0,0
1,75.1,0,1
54,70.15,2,1
42,101.75,3,1
1,45.8,0,1
1,20.5,0,0
30,70.4,4,0
1,30.55,1,0
16,84.9,5,0
1,20.1,0,1
9,40.65,2,1
46,101.0,3,1
1,69.1,0,1
71,54.5,2,0
43,75.35,0,0
50,44.45,3,0
13,75.0,0,1
19,100.0,4,1
41,98.05,3,0
1,71.15,0,1
24,54.15,4,1
40,63.9,2,0
3,69.15,3,0
37,64.65,2,0
67,108.75,5,1
32,98.85,3,0
6,49.15,1,1
32,89.6,2,0
59,83.25,2,0
30,70.25,4,0
20,19.4,0,1
27,24.5,0,0
20,79.15,1,1
9,20.1,0,0
68,73.0,4,0
69,61.4,2,0
26,84.3,2,0
69,19.9,0,0
11,20.4,0,0
1,50.75,0,0
10,20.45,0,0
55,75.75,4,0
44,65.4,3,0
46,80.4,1,1
69,59.75,3,0
11,78.5,1,0
11,102.0,3,1
29,48.95,1,0
57,99.65,3,0
28,18.25,0,0
42,54.55,2,0
2,20.65,0,1
23,40.65,3,0
18,20.45,0,0
62,24.8,0,0
1,70.8,0,1
16,89.05,2,1
3,96.6,2,1
67,88.8,6,0
62,20.05,0,0
57,104.5,4,1
2,69.8,0,0
23,77.15,4,0
25,35.05,2,0
72,108.1,5,0
2,84.05,1,0
8,20.2,0,0
5,50.6,0,1
35,49.2,3,0
24,24.6,0,0
2,71.65,0,0
72,104.9,5,0
41,106.5,5,0
4,49.35,1,1
26,75.5,1,0
7,94.25,3,1
1,68.95,0,1
4,58.5,2,0
48,78.9,5,0
2,93.85,2,1
12,79.2,5,0
60,109.45,5,0
55,59.2,3,0
1,29.15,1,0
1,20.05,0,0
4,76.05,0,1
1,24.45,0,1
42,66.5,3,0
1,49.55,1,0
7,89.35,2,1
3,73.6,1,0
72,82.65,5,0
15,49.0,0,0
4,80.35,1,1
11,25.2,0,0
5,25.45,0,0
1,55.8,2,1
72,110.9,5,0
55,77.75,1,0
40,26.2,0,0
57,19.9,0,0
1,79.05,1,1
1,95.0,3,1
1,25.2,0,1
52,80.85,4,0
41,98.4,3,1
43,56.35,1,0
47,19.3,0,0
3,50.4,0,0
66,79.4,5,1
55,55.25,2,0
29,19.1,0,0
12,84.05,1,0
66,105.2,4,0
35,101.4,3,1
10,89.8,2,1
27,75.75,0,0
58,95.3,3,0
54,109.75,6,1
9,19.85,0,0
2,19.3,0,1
6,69.1,0,0
26,91.25,2,1
9,20.25,0,0
8,54.75,2,0
12,81.45,1,0
15,49.1,0,1
43,80.2,4,0
42,100.3,3,0
31,65.25,3,1
66,90.95,3,0
18,85.45,2,1
1,20.0,0,0
61,94.1,3,1
10,79.85,1,0
1,71.65,0,1
18,73.55,1,0
24,104.65,4,1
3,19.3,0,0
50,20.15,0,0
1,44.55,0,0
2,54.45,2,0
17,19.65,0,0
69,105.0,4,0
72,88.7,6,0
3,74.25,0,1
50,75.15,4,0
53,20.25,0,0
58,109.1,5,0
46,30.75,1,0
72,112.9,6,0
1,74.2,0,1
6,94.05,3,0
72,78.85,5,0
4,55.3,1,0
52,19.35,0,0
0,25.35,0,0
2,20.45,0,0
65,19.35,0,0
43,101.0,3,1
4,100.2,3,1
25,89.05,2,1
51,78.65,4,0
12,74.75,3,0
57,70.1,3,1
24,19.9,0,0
64,58.35,2,0
4,105.65,5,1
26,100.5,3,0
15,20.05,0,0
64,25.65,0,0
36,96.5,3,1
27,95.0,2,0
1,70.85,0,1
35,85.95,5,1
4,73.9,1,1
8,45.45,0,0
10,20.0,0,0
2,49.2,1,0
58,109.45,5,1
51,83.25,6,0
46,19.25,0,0
1,19.65,0,0
46,72.8,0,0
50,109.65,5,0
53,65.0,3,0
61,114.1,5,0
5,20.65,0,0
47,86.95,6,0
54,94.75,3,0
19,25.35,0,0
26,105.45,5,0
70,25.4,0,0
17,102.55,4,0
30,100.2,3,1
1,24.0,0,0
19,25.6,0,0
26,73.5,4,0
21,74.05,1,1
50,98.25,3,0
68,54.4,4,0
3,101.55,3,1
9,103.1,4,0
51,34.2,2,0
9,43.75,0,0
41,111.95,5,1
22,100.65,3,0
21,55.95,4,1
71,116.05,6,0
1,45.75,0,1
26,82.0,4,0
71,65.15,3,0
4,44.8,0,0
12,79.8,1,0
18,88.85,2,0
3,74.95,0,0
72,106.85,4,0
11,74.95,1,1
1,80.15,1,1
13,19.3,0,0
72,109.25,5,1
42,56.1,1,0
17,19.7,0,0
7,51.3,1,0
68,118.6,6,0
56,24.15,0,0
38,20.3,0,0
72,115.5,6,0
48,25.05,0,0
52,109.1,5,0
35,19.65,0,0
67,111.3,5,0
1,29.9,1,0
53,80.6,2,0
34,20.8,0,0
3,35.2,1,1
1,78.8,1,1
19,89.95,3,0
60,116.05,6,0
11,19.55,0,0
47,106.4,4,1
18,49.4,1,1
60,115.25,6,0
72,24.8,0,0
39,19.9,0,0
59,81.25,2,0
2,69.95,0,0
1,69.1,0,1
20,90.2,2,1
6,93.55,2,1
71,86.4,2,0
24,66.3,3,0
67,94.65,2,0
1,80.85,1,1
48,82.05,1,1
37,72.1,3,0
11,34.7,2,0
3,20.55,0,1
18,95.95,3,0
50,44.8,0,0
67,109.4,5,0
25,71.05,4,0
2,78.55,1,1
9,19.7,0,0
10,40.25,3,0
70,19.85,0,0
9,68.25,4,0
4,20.15,0,0
2,50.95,1,0
1,78.65,1,1
19,25.15,0,0
7,20.25,0,0
1,42.9,0,1
1,44.0,0,0
9,20.25,0,0
3,34.25,2,1
9,58.5,5,1
5,55.8,2,0
56,88.9,2,0
18,57.65,1,0
49,96.2,2,1
70,79.15,5,0
72,108.05,5,0
6,74.4,1,1
17,94.8,2,0
29,45.9,2,0
6,105.3,4,1
63,102.6,3,0
16,73.85,0,1
59,61.35,2,0
3,57.55,2,0
8,29.25,1,0
7,84.55,1,1
68,19.6,0,0
68,111.75,5,0
52,106.5,4,0
72,107.7,5,0
32,19.3,0,0
72,20.05,0,0
1,69.95,0,0
42,63.7,3,0
25,24.75,0,1
45,50.9,1,0
43,60.4,5,0
37,79.25,4,0
20,85.8,1,1
4,24.45,0,1
63,110.1,6,0
3,90.7,2,0
66,25.3,0,0
28,105.7,4,1
8,85.2,1,0
71,24.35,0,0
1,24.25,0,1
72,25.1,0,0
16,54.55,2,0
66,96.6,4,0
11,76.5,0,1
51,81.15,5,0
8,38.5,2,0
14,92.9,2,0
4,93.5,3,1
70,84.7,5,0
70,66.0,3,0
54,101.5,3,1
28,74.9,1,1
24,20.75,0,0
69,61.45,2,0
42,54.5,2,0
2,69.6,0,1
39,99.75,3,0
45,109.75,5,0
72,80.85,5,0
38,20.3,0,0
72,67.8,4,0
1,24.05,0,1
72,19.8,0,0
55,25.7,0,0
51,56.15,4,0
63,86.7,6,0
1,20.4,0,0
23,19.65,0,0
1,50.55,1,1
2,54.35,1,0
52,108.1,5,0
36,54.45,1,0
1,45.35,0,0
28,59.0,2,0
7,69.45,4,0
14,100.55,3,1
72,64.95,6,0
1,20.5,0,1
10,18.85,0,0
42,19.8,0,0
7,25.05,0,0
4,74.8,1,1
72,114.3,6,0
20,24.45,0,1
63,109.2,6,0
56,45.05,4,0
5,51.0,1,0
72,110.45,5,0
68,84.65,2,0
67,60.05,3,0
8,44.65,0,0
52,93.25,3,0
18,20.25,0,0
59,25.45,0,0
60,20.6,0,0
7,94.1,2,0
59,34.8,2,0
46,60.75,5,0
5,51.35,1,0
59,64.05,5,0
70,84.8,5,0
14,71.0,0,1
44,50.15,0,0
64,94.6,3,0
58,59.75,5,0
46,100.25,3,0
58,98.9,3,0
72,97.7,3,0
30,40.3,2,1
11,60.25,2,0
34,56.25,4,0
54,46.2,3,0
3,50.6,3,1
72,24.9,0,0
40,84.85,2,1
2,65.7,2,1
54,63.35,2,0
14,50.1,1,0
1,70.5,0,1
10,94.85,3,1
1,50.15,1,0
1,19.75,0,1
56,64.65,3,0
68,79.6,5,0
14,19.5,0,0
68,99.55,4,0
55,74.0,0,0
16,38.9,2,0
9,79.55,1,0
14,65.45,3,1
58,98.7,3,1
53,46.3,3,0
70,99.35,4,0
14,95.8,2,0
22,67.5,4,1
10,78.15,1,0
29,26.1,0,0
1,69.6,0,1
49,84.35,5,1
68,100.2,3,1
1,78.05,1,1
30,40.35,2,0
72,79.2,5,0
10,20.9,0,0
7,73.6,0,1
9,74.75,0,1
1,49.9,1,0
20,68.9,3,0
1,20.25,0,0
29,76.0,0,0
1,74.0,1,0
3,82.3,2,0
20,89.4,3,0
64,99.15,4,0
1,20.2,0,1
6,29.45,1,0
50,19.8,0,0
6,59.15,2,0
7,44.75,0,0
72,90.8,2,0
8,49.55,1,0
67,106.7,4,0
24,93.55,2,1
72,94.45,3,0
33,19.45,0,0
2,25.05,0,1
70,67.95,4,0
22,65.25,3,0
59,99.45,4,0
36,20.35,0,0
51,19.95,0,0
53,77.4,4,0
20,19.7,0,0
63,99.7,4,0
40,74.8,1,0
35,19.15,0,0
26,78.95,1,0
27,95.55,3,1
53,62.85,3,0
34,71.55,0,0
19,94.95,2,0
43,86.1,3,0
6,19.55,0,0
56,24.8,0,0
57,39.3,2,1
34,84.05,2,0
10,36.25,2,0
1,20.25,0,1
13,23.9,0,1
56,98.6,3,0
55,103.65,4,0
36,92.9,6,0
47,19.9,0,0
12,20.1,0,0
1,85.45,2,1
24,80.5,1,0
63,99.9,3,1
35,39.85,2,0
67,60.5,3,0
25,84.8,1,1
21,103.85,4,0
13,67.8,4,0
35,75.2,0,1
71,24.85,0,0
29,19.35,0,0
71,49.35,3,1
7,89.0,2,0
57,55.0,4,0
65,76.15,4,0
27,20.3,0,0
6,74.9,0,1
72,117.35,6,0
1,19.75,0,0
11,45.2,0,0
39,25.2,0,0
59,89.75,3,0
26,75.0,4,0
2,49.95,1,0
72,65.7,6,0
65,67.05,3,0
72,110.9,5,0
6,87.95,2,0
32,19.8,0,0
50,75.7,3,0
61,62.15,5,0
15,101.25,4,1
72,115.15,6,0
9,18.95,0,1
1,19.5,0,0
12,86.55,1,0
37,28.6,1,1
61,20.4,0,0
18,19.8,0,0
21,45.65,0,0
68,56.4,5,0
12,73.3,0,0
2,24.35,0,1
62,101.35,3,0
29,98.65,3,1
1,33.6,2,0
5,79.9,1,1
1,20.7,0,0
62,104.05,4,0
36,20.25,0,0
28,103.3,4,1
69,73.7,4,0
11,96.2,3,1
63,108.75,5,0
23,20.15,0,0
10,19.75,0,0
71,25.95,0,0
45,70.05,3,0
70,24.05,0,0
22,84.75,1,0
52,23.05,0,0
55,104.15,4,1
65,59.95,5,0
72,19.55,0,0
10,19.6,0,0
7,20.05,0,0
5,85.55,2,0
24,78.6,4,0
72,116.8,6,0
21,43.55,3,0
69,60.8,5,0
44,54.9,2,0
61,65.2,2,0
24,102.95,4,1
1,90.6,2,1
6,50.8,1,1
4,90.05,2,1
72,108.2,5,0
72,92.0,6,0
14,75.1,0,0
7,25.05,0,0
48,75.15,1,0
55,19.5,0,0
1,19.3,0,0
45,112.2,6,0
3,70.3,0,0
71,19.6,0,0
8,20.25,0,0
3,75.85,0,1
69,80.65,5,0
1,68.5,0,1
72,115.75,6,0
11,73.5,1,1
71,80.6,5,0
1,69.95,0,1
33,59.55,5,0
16,19.05,0,0
56,95.65,4,0
1,19.95,0,0
5,70.05,3,1
57,19.4,0,0
56,36.1,2,0
8,94.0,3,1
22,61.15,3,1
1,19.75,0,0
40,64.1,3,0
46,19.75,0,0
63,19.7,0,0
68,110.2,5,0
69,106.35,5,0
56,90.55,3,0
10,65.9,3,0
63,104.5,5,0
24,52.5,5,0
19,56.1,1,0
22,88.75,2,0
29,84.45,2,1
13,75.3,3,1
70,26.0,0,0
49,99.4,4,0
43,109.55,5,1
3,19.6,0,1
42,73.15,4,0
57,54.65,2,0
2,66.4,3,1
72,115.55,6,0
46,104.45,4,0
66,100.05,3,1
62,102.0,4,1
72,91.15,6,0
35,89.7,3,0
17,90.2,3,1
72,92.4,6,0
28,19.9,0,0
56,25.15,0,1
31,79.85,1,1
45,18.85,0,0
1,25.75,0,0
2,49.6,1,1
6,20.95,0,0
48,97.05,4,0
25,25.4,0,0
64,19.7,0,0
50,35.0,2,0
52,101.25,3,0
4,70.2,0,0
32,90.95,2,0
45,73.85,4,0
9,88.05,2,0
66,105.95,4,1
3,91.85,2,1
54,20.1,0,0
1,40.1,2,1
64,110.3,5,0
31,73.9,0,1
14,89.8,2,1
12,85.15,2,0
67,60.95,3,0
35,72.25,4,1
45,73.55,3,0
10,46.0,0,0
29,58.55,2,0
24,24.6,0,0
66,19.75,0,0
51,86.35,2,0
45,25.5,0,0
49,19.0,0,0
29,19.55,0,0
40,110.1,5,0
37,96.55,2,1
25,69.75,0,0
22,50.6,3,0
72,65.6,6,0
7,40.1,2,1
33,82.1,5,0
23,79.1,2,0
24,101.25,3,1
1,79.55,1,1
69,90.65,6,0
3,20.55,0,0
56,75.75,4,0
65,110.0,5,0
71,20.85,0,0
14,80.35,1,0
2,70.15,0,0
32,84.05,1,1
40,67.45,3,0
1,20.75,0,0
1,89.1,2,1
7,69.9,0,0
15,51.1,0,0
17,94.4,3,1
19,78.25,2,1
71,25.55,0,0
54,60.0,2,0
31,90.55,3,0
11,76.4,1,0
18,84.95,2,0
72,110.1,5,0
71,99.65,3,0
5,45.4,3,0
38,69.0,3,0
5,48.65,1,0
2,44.15,0,1
52,59.85,2,0
8,75.75,0,1
68,80.65,4,0
69,20.55,0,0
42,66.4,3,0
50,100.2,4,0
1,19.1,0,1
1,80.3,1,1
33,44.55,0,0
7,20.35,0,0
64,91.8,3,0
1,74.9,1,1
59,20.2,0,0
6,50.35,0,0
3,18.8,0,0
15,20.45,0,0
13,64.75,2,0
23,98.7,3,0
31,89.45,2,0
29,58.75,3,0
49,20.7,0,0
56,85.6,1,0
63,80.3,5,0
63,79.8,4,0
24,79.85,1,0
36,54.1,2,0
9,80.85,1,1
3,24.75,0,1
21,80.9,5,0
13,24.5,0,0
1,20.15,0,0
25,20.05,0,0
71,19.6,0,0
66,114.3,6,0
45,100.3,4,0
22,80.0,1,0
67,20.85,0,0
68,89.95,2,0
0,20.0,0,0
49,90.85,2,1
4,48.75,0,0
63,80.0,5,0
2,79.7,2,1
21,20.35,0,0
55,57.55,3,1
1,20.25,0,0
17,19.4,0,0
30,100.4,3,0
22,57.95,3,0
9,59.5,2,0
1,19.2,0,0
21,86.5,1,1
19,59.55,2,0
69,103.95,4,1
1,25.1,0,1
72,103.95,5,0
70,68.95,3,0
66,103.1,5,0
7,24.7,0,0
46,110.2,5,0
39,48.95,4,1
32,62.45,2,0
24,89.55,3,0
6,83.55,2,1
37,78.9,5,0
8,20.35,0,0
72,71.45,3,0
71,46.35,4,0
16,94.65,3,0
57,49.9,4,0
66,25.45,0,0
17,89.15,3,1
21,20.75,0,0
66,66.1,3,0
17,75.4,3,0
1,70.45,0,1
58,60.3,3,1
8,21.05,0,0
27,69.35,4,0
34,88.85,2,0
30,97.0,3,0
33,66.4,3,0
1,24.75,0,1
14,69.2,3,0
16,79.5,1,0
49,100.65,4,0
19,103.3,4,1
70,79.7,5,0
32,61.4,3,0
18,69.8,0,0
37,40.55,3,0
4,75.65,0,0
16,90.7,3,0
17,80.5,1,0
19,60.6,3,0
60,101.15,3,0
51,24.95,0,0
28,20.3,0,0
43,60.0,2,0
42,20.25,0,0
3,78.5,1,1
1,44.75,0,0
3,19.85,0,1
63,98.0,4,0
3,79.9,1,1
68,107.7,5,0
30,99.7,3,1
60,104.7,4,0
15,58.6,2,1
45,93.9,2,0
70,86.45,6,0
10,98.5,3,1
4,19.4,0,0
1,50.45,1,1
68,24.95,0,0
22,75.0,1,0
38,94.65,3,1
1,100.25,3,1
18,78.2,2,0
29,94.2,3,0
16,88.45,2,1
1,69.85,0,1
12,81.7,2,1
31,50.05,3,0
4,79.9,1,1
48,69.55,3,0
15,25.4,0,1
50,90.1,4,0
7,44.65,0,0
41,83.75,2,1
68,80.35,2,0
26,98.1,3,0
57,53.35,4,0
3,19.55,0,0
1,20.9,0,1
19,48.95,1,0
3,54.2,1,0
59,24.45,0,0
1,69.4,0,1
42,40.15,2,0
7,74.9,0,1
67,25.6,0,0
1,70.35,0,0
66,91.7,6,0
61,89.2,2,0
4,24.1,0,0
42,74.15,1,1
64,53.85,1,0
54,115.6,6,0
1,19.75,0,0
54,24.05,0,0
18,25.3,0,0
3,84.3,2,0
1,70.1,0,1
72,89.75,6,0
60,97.95,4,0
11,20.0,0,0
12,78.3,1,1
61,103.9,5,0
39,20.7,0,0
55,96.8,2,1
17,94.4,3,1
37,20.15,0,0
72,26.0,0,0
72,77.35,4,0
8,66.05,3,0
22,19.9,0,0
1,84.3,2,1
38,68.15,3,0
17,80.85,5,0
70,75.5,4,0
72,92.45,6,1
28,80.6,1,0
15,83.2,2,0
72,87.55,6,0
11,99.55,3,1
8,81.25,1,1
57,109.4,5,0
1,19.95,0,1
46,45.55,3,0
30,20.7,0,0
10,75.3,1,0
23,99.25,4,1
32,93.4,4,0
13,73.75,1,0
39,80.45,2,1
44,88.15,3,0
9,49.2,1,0
67,19.65,0,0
9,79.35,1,1
15,79.75,1,1
71,105.15,4,0
1,49.0,1,0
30,100.05,3,1
1,69.35,0,1
17,49.8,3,0
3,85.8,2,1
67,79.7,4,1
1,20.95,0,0
1,50.55,0,1
32,79.3,1,0
41,19.5,0,0
1,80.55,1,1
1,44.15,0,0
12,84.5,2,1
62,105.5,4,0
22,84.3,2,1
17,92.7,3,0
72,26.25,0,0
56,96.95,3,0
9,20.45,0,0
72,115.8,6,0
20,108.2,6,0
19,20.2,0,0
2,67.75,0,1
53,54.9,4,0
27,85.25,1,1
6,20.15,0,0
9,90.35,2,0
8,55.75,1,0
71,114.6,6,0
10,80.05,1,1
1,20.0,0,1
71,66.8,6,0
68,100.3,4,0
34,105.35,4,0
26,85.2,3,0
22,48.8,1,1
7,18.95,0,0
20,69.8,0,0
60,106.15,4,0
72,20.55,0,0
72,105.75,4,0
4,25.25,0,0
16,19.75,0,0
62,104.85,4,0
10,60.95,2,0
31,81.15,1,0
71,19.1,0,0
58,20.8,0,0
70,90.15,6,0
71,90.1,6,0
69,74.1,4,0
1,85.05,1,1
72,118.75,6,0
26,85.9,2,0
33,95.0,3,0
10,20.15,0,0
57,101.3,4,0
10,21.2,0,0
39,24.2,0,0
11,20.3,0,0
21,102.8,5,1
68,85.3,5,0
18,89.6,2,0
6,99.95,4,1
18,56.25,1,0
52,50.95,1,0
56,115.85,6,0
45,103.65,4,0
67,26.1,0,0
3,35.1,2,0
65,99.1,4,0
63,67.25,3,0
11,25.0,0,0
1,59.55,2,0
55,77.8,3,0
25,55.1,1,0
72,117.8,6,1
72,24.15,0,0
65,45.25,3,0
54,79.5,1,1
7,20.25,0,0
72,64.75,3,0
21,54.6,1,0
2,20.7,0,0
4,94.75,3,0
3,79.65,1,1
72,115.8,6,0
6,49.45,1,0
52,83.8,2,0
69,95.35,3,0
8,94.7,3,1
8,74.05,1,0
63,89.6,2,0
60,116.6,6,0
12,54.2,2,0
13,19.3,0,0
22,65.05,3,0
5,92.5,2,1
1,19.45,0,1
72,24.05,0,0
2,18.75,0,0
40,20.15,0,0
44,20.0,0,0
71,71.0,4,0
2,75.55,0,1
26,93.6,2,0
1,70.0,0,1
1,24.4,0,0
65,74.8,4,1
3,65.25,2,0
13,50.55,1,0
33,104.4,4,1
1,70.7,0,0
4,45.25,0,0
2,70.3,0,0
72,108.95,5,0
37,26.45,0,0
15,86.2,2,1
23,19.65,0,0
30,51.2,3,1
42,19.05,0,0
32,74.75,3,0
22,75.8,0,0
42,25.1,0,0
8,44.45,0,0
65,104.3,4,0
2,19.5,0,1
70,89.0,6,0
22,20.15,0,0
4,74.9,0,1
2,74.9,0,1
67,36.15,2,0
25,19.2,0,0
20,19.25,0,0
2,61.2,2,0
51,20.45,0,0
46,35.05,2,0
25,100.25,3,1
13,44.0,0,0
25,102.8,4,1
26,50.35,1,0
43,100.0,3,1
19,20.0,0,0
10,99.85,4,1
2,94.2,2,1
72,86.4,5,0
18,58.4,2,0
9,83.85,1,1
27,88.3,2,1
24,94.1,2,0
69,104.05,5,1
46,108.9,5,0
72,107.4,5,0
22,94.7,3,1
70,90.85,2,0
2,19.9,0,0
31,66.4,3,0
56,100.65,3,1
16,100.7,4,0
52,25.6,0,0
13,19.85,0,0
35,20.75,0,0
59,95.8,3,0
72,94.65,3,0
66,80.55,4,1
49,106.65,5,0
2,45.85,0,0
21,104.35,4,0
54,55.45,4,0
24,78.85,1,1
1,61.15,2,0
6,78.95,2,0
1,44.45,0,1
49,109.2,5,0
56,61.3,3,0
56,96.85,3,0
6,40.55,3,0
32,19.8,0,0
50,108.25,5,0
58,105.05,4,0
65,90.45,6,0
64,86.4,6,0
66,66.9,3,0
38,110.7,5,0
20,20.0,0,0
36,84.9,1,1
64,102.1,4,0
1,20.25,0,1
60,70.15,4,0
1,74.35,1,1
50,80.05,5,0
1,62.05,2,1
72,49.2,4,0
60,20.5,0,0
46,38.25,3,0
69,54.95,4,0
31,96.6,3,0
19,19.9,0,0
71,19.9,0,0
12,84.6,3,0
39,80.0,5,1
44,85.25,5,0
56,81.25,5,0
72,115.5,6,0
5,104.1,4,1
11,79.0,1,0
24,39.1,2,1
15,94.65,3,0
72,20.8,0,0
56,59.5,2,0
64,20.05,0,0
34,100.45,3,0
2,76.5,0,1
35,20.6,0,0
22,20.3,0,0
5,49.2,1,1
9,39.55,3,0
11,23.15,0,1
23,20.45,0,0
4,80.85,1,1
68,25.25,0,0
33,91.25,2,0
31,72.45,5,0
1,60.1,2,1
56,19.7,0,0
1,78.95,1,1
66,75.1,5,0
72,25.0,0,0
34,69.15,0,0
58,91.55,3,0
2,45.15,0,1
37,35.8,1,0
71,113.15,6,0
1,19.85,0,0
71,19.8,0,0
35,19.9,0,0
6,19.7,0,0
3,79.4,1,1
69,59.1,3,0
44,53.95,4,1
53,91.15,2,0
24,99.3,4,1
5,68.95,0,0
2,51.55,1,0
62,24.4,0,0
19,96.8,3,0
9,70.05,0,0
53,19.5,0,0
5,78.75,1,0
71,69.2,3,0
1,19.55,0,0
18,80.65,1,1
72,103.65,4,0
4,54.7,2,0
59,54.15,1,0
1,71.1,0,1
31,84.85,1,0
3,20.0,0,0
65,106.25,4,1
49,99.25,4,0
2,19.35,0,0
53,20.8,0,1
55,94.75,3,0
72,114.05,6,0
36,74.9,0,0
10,19.8,0,0
1,94.0,2,1
72,80.85,5,0
28,54.65,2,0
38,91.7,2,0
61,118.6,6,0
52,24.55,0,0
67,19.45,0,0
34,116.15,6,0
54,80.6,5,0
1,20.3,0,0
15,89.85,2,1
4,46.0,0,1
9,66.25,3,1
46,99.8,4,0
22,90.0,2,1
38,70.45,0,1
55,75.0,4,0
1,19.9,0,0
64,80.3,2,0
53,19.75,0,1
58,84.3,5,0
56,54.05,4,0
72,104.9,5,0
1,53.95,2,1
72,97.25,3,0
22,83.05,1,0
8,105.5,4,1
16,81.0,1,1
39,41.1,3,0
12,45.0,0,0
54,74.55,4,0
18,40.2,3,0
32,70.5,4,0
41,19.75,0,0
67,24.65,0,0
65,104.25,4,0
25,78.35,5,0
1,69.8,0,1
67,109.7,5,0
7,73.75,0,1
43,33.45,2,0
24,94.6,3,0
9,54.55,1,1
69,20.2,0,0
37,20.3,0,0
20,39.4,3,0
7,69.15,0,0
37,76.25,0,1
5,93.9,2,1
41,51.35,3,0
54,100.05,4,0
3,70.4,0,1
69,20.3,0,0
53,94.45,4,0
18,46.4,3,0
64,104.05,5,0
31,91.15,2,1
20,24.9,0,0
57,59.6,3,0
63,108.5,5,0
13,40.55,3,0
48,58.95,2,0
2,70.95,0,1
57,20.75,0,0
71,113.15,5,0
7,48.8,0,0
16,63.05,1,0
34,100.85,3,0
37,99.5,3,1
16,80.55,1,0
48,64.4,3,0
58,75.2,4,0
72,84.9,5,0
7,19.3,0,0
38,83.9,3,1
48,117.45,6,1
10,104.4,5,1
30,74.65,5,0
31,59.05,1,0
46,69.1,3,0
50,20.55,0,0
28,76.55,1,0
66,62.5,6,0
8,29.4,1,1
41,94.9,3,0
72,111.65,5,0
7,19.9,0,0
38,20.45,0,0
44,106.05,5,0
47,113.45,6,0
53,92.55,3,0
4,65.6,2,0
20,84.35,1,0
2,44.65,0,1
57,71.1,3,0
44,85.15,3,0
24,49.7,1,0
15,30.2,1,0
3,25.25,0,1
4,84.05,2,1
37,85.7,1,1
1,74.7,1,1
24,56.35,2,0
5,90.8,2,1
33,107.55,4,0
58,19.85,0,0
72,95.9,3,0
71,23.85,0,0
28,106.15,4,1
51,83.85,6,0
30,85.35,6,1
72,84.8,3,0
36,90.85,2,1
14,76.1,5,0
72,74.55,4,0
22,39.2,2,0
2,79.55,1,0
15,19.6,0,0
51,19.55,0,0
70,39.15,3,0
71,20.1,0,0
39,99.95,3,0
61,59.8,2,0
52,49.75,1,0
1,35.75,1,1
64,108.5,5,0
62,60.15,3,0
30,19.05,0,0
4,46.0,0,1
63,84.0,6,0
1,44.55,0,0
15,103.45,4,0
27,80.65,2,0
4,57.2,5,0
72,110.75,5,0
45,24.7,0,0
45,97.05,4,0
36,76.35,5,0
17,89.4,3,1
1,18.9,0,0
16,74.45,0,0
3,19.8,0,1
4,50.9,0,1
71,84.4,6,0
10,24.4,0,0
20,20.05,0,0
4,81.0,1,1
26,98.35,3,1
4,55.5,1,0
5,51.0,3,1
4,91.65,2,1
29,84.3,1,0
2,100.2,4,0
29,19.4,0,0
1,90.85,2,1
1,69.4,0,1
8,94.45,3,1
13,20.4,0,0
59,94.75,3,0
1,20.15,0,1
50,95.7,2,1
18,44.35,0,0
17,74.55,4,0
47,73.6,4,0
26,74.95,0,1
6,47.95,3,1
19,50.1,0,0
3,63.6,2,1
68,53.0,4,0
2,19.85,0,0
7,24.35,0,0
18,19.55,0,0
71,25.05,0,0
13,93.8,3,0
3,36.85,2,1
72,103.75,4,0
66,56.75,4,0
24,20.8,0,0
1,44.1,0,1
56,24.45,0,0
22,25.6,0,0
14,50.75,3,1
61,104.4,4,1
40,39.3,2,1
42,59.65,3,0
72,83.3,5,0
12,79.55,1,0
71,24.45,0,0
26,19.2,0,0
7,29.8,1,0
6,45.5,0,0
58,106.45,5,1
51,30.05,1,0
72,65.65,6,0
18,96.05,3,1
7,75.1,0,1
47,74.05,4,0
2,44.7,0,1
62,110.75,5,0
16,19.7,0,0
6,49.5,1,0
19,55.0,2,1
69,43.95,3,0
11,74.35,0,1
64,111.15,5,0
39,104.7,5,1
15,55.7,1,1
25,20.6,0,0
6,19.65,0,0
66,115.8,6,0
61,88.65,5,0
43,94.5,3,0
12,20.1,0,0
23,34.65,1,0
71,52.3,4,0
34,65.0,2,0
5,19.85,0,1
41,35.45,2,0
72,19.7,0,0
14,95.6,2,0
41,19.85,0,0
23,81.85,1,0
71,109.3,6,0
1,70.3,0,1
72,25.4,0,0
6,69.8,0,0
23,20.0,0,0
10,85.55,1,1
72,109.9,6,0
7,50.3,1,0
6,94.5,3,1
9,101.5,4,0
12,89.15,2,0
1,19.4,0,0
48,29.9,1,0
20,78.8,1,0
16,85.35,1,1
2,79.65,1,1
10,19.3,0,0
2,79.6,1,1
20,96.8,3,0
20,20.65,0,0
19,19.8,0,0
19,90.6,2,1
22,104.6,5,0
35,80.05,1,0
1,45.15,0,0
39,73.15,0,0
54,99.1,4,0
1,20.2,0,1
66,106.05,4,1
56,105.35,4,0
18,45.65,0,0
16,79.95,1,0
68,54.45,2,0
53,25.1,0,0
72,84.7,5,0
9,75.85,0,0
30,48.8,1,0
36,99.15,3,1
18,35.2,2,0
55,76.25,4,0
39,55.9,4,1
21,82.35,1,1
2,40.4,3,1
33,24.9,0,0
44,54.3,4,0
30,66.3,3,0
71,20.9,0,0
4,75.35,0,1
35,85.15,2,1
1,75.35,1,0
23,104.45,4,0
22,49.45,3,0
49,19.45,0,0
42,92.15,3,0
33,93.8,3,1
7,19.85,0,0
67,100.25,4,0
15,95.7,3,0
67,93.15,3,0
53,69.7,4,0
21,19.8,0,0
40,71.35,4,0
22,20.75,0,0
39,40.6,2,0
45,20.4,0,1
2,20.35,0,0
57,19.75,0,0
8,54.4,1,0
7,94.7,3,1
6,30.5,1,1
7,20.45,0,0
49,66.15,2,0
65,89.85,3,0
55,45.05,0,0
71,86.85,6,0
35,96.75,4,0
3,77.0,0,1
11,20.1,0,1
1,75.3,1,1
17,106.65,5,0
72,110.15,5,0
28,82.85,2,0
18,20.1,0,0
40,99.2,4,1
52,59.45,2,0
47,58.6,2,0
23,49.7,1,0
66,65.85,4,0
8,73.5,0,0
47,85.5,2,1
7,20.05,0,1
71,113.65,6,0
50,83.4,2,0
46,65.65,4,0
1,70.4,0,1
66,61.35,5,0
42,85.9,2,0
5,75.65,1,0
7,49.75,1,1
29,70.9,3,0
27,49.85,1,0
15,75.3,1,1
25,20.1,0,0
11,94.0,2,1
57,103.05,5,0
67,118.35,6,1
47,99.7,3,0
13,81.9,1,0
8,30.45,1,1
44,96.1,2,1
71,66.2,2,0
24,104.25,4,1
15,80.2,1,1
1,19.75,0,0
2,72.6,0,0
55,116.5,6,0
71,106.8,4,0
50,24.95,0,0
1,89.25,2,0
5,19.25,0,0
66,104.55,5,0
49,87.2,6,0
3,30.75,1,0
66,25.7,0,0
11,86.2,1,0
28,30.1,1,0
65,99.35,4,0
62,19.2,0,0
2,20.1,0,0
2,20.35,0,0
55,25.65,0,0
41,94.55,3,0
17,104.2,4,1
30,94.4,3,0
17,56.1,2,0
16,68.25,4,0
72,24.75,0,0
9,76.25,0,0
1,74.35,1,0
23,54.15,2,0
8,19.45,0,0
19,34.95,2,0
7,53.65,1,0
1,69.65,0,1
61,104.0,4,0
57,70.35,4,0
9,80.8,1,1
15,64.85,3,0
1,19.65,0,0
12,45.9,0,0
54,20.0,0,0
4,44.8,0,0
7,80.3,1,1
20,20.35,0,0
26,45.8,3,0
36,84.1,1,1
53,108.95,5,0
3,69.35,3,1
68,64.35,6,0
72,90.8,6,0
12,24.95,0,0
34,79.6,1,1
68,84.7,2,0
50,70.8,4,0
1,36.45,1,1
41,104.4,4,0
30,101.5,3,0
1,54.3,1,0
29,103.95,3,0
23,91.1,6,0
60,19.95,0,0
72,26.45,0,0
22,89.4,3,1
72,75.1,5,0
66,108.1,4,0
72,110.15,5,0
47,80.35,1,1
51,111.5,5,0
70,106.5,4,0
9,19.9,0,0
59,111.1,5,0
3,70.7,3,0
38,24.85,0,0
37,91.2,3,0
37,65.6,4,0
24,40.65,2,1
14,59.45,3,0
72,109.95,5,0
53,60.45,5,1
8,84.9,1,1
72,38.5,3,0
17,92.55,2,0
2,73.55,1,1
8,20.15,0,1
48,34.7,2,1
10,24.5,0,0
0,19.7,0,0
1,20.6,0,0
29,58.0,3,0
65,107.45,4,0
8,65.5,3,0
61,25.45,0,0
45,100.15,3,0
72,104.45,4,0
12,21.15,0,0
7,96.2,2,0
9,44.4,0,0
43,107.55,4,1
58,94.35,3,0
16,98.75,3,1
2,20.3,0,0
8,101.15,4,1
40,105.75,4,0
9,81.15,1,0
41,89.55,3,0
26,54.75,2,0
33,53.75,2,0
68,105.75,5,0
65,105.85,5,0
55,64.2,3,0
20,88.7,2,1
19,87.7,2,0
45,89.3,2,0
70,20.15,0,0
2,79.75,1,1
27,94.55,2,1
12,20.05,0,0
72,67.2,6,0
12,94.55,2,0
5,69.05,0,1
71,107.5,5,0
35,73.0,4,0
70,114.75,6,0
31,76.05,0,0
52,96.25,3,1
37,101.1,3,1
69,104.7,4,1
30,77.9,0,0
33,90.65,2,0
54,110.45,5,0
59,68.7,3,0
55,44.85,3,0
69,29.8,1,0
66,88.9,2,0
37,58.75,3,0
9,19.85,0,0
69,86.9,5,0
10,59.65,2,0
40,55.25,2,1
13,66.4,2,0
6,90.1,2,1
69,20.15,0,0
66,108.1,5,0
11,53.75,1,1
46,56.9,3,0
6,89.3,2,1
56,109.6,5,0
70,25.15,0,0
33,79.15,4,0
72,66.75,3,0
3,95.2,2,1
19,48.8,1,0
5,45.7,2,1
71,80.7,5,0
8,74.5,1,1
1,20.55,0,0
1,79.65,1,1
61,115.1,6,0
71,59.7,5,0
68,86.45,2,0
46,33.7,2,0
33,80.1,1,0
53,104.05,5,0
50,108.75,5,0
57,41.1,3,0
54,20.35,0,0
60,105.9,4,0
28,101.3,3,1
1,80.05,1,1
29,89.2,2,1
10,65.5,3,0
43,40.45,3,0
13,70.45,0,0
43,78.8,5,0
19,83.65,1,1
1,90.1,2,0
69,82.45,5,0
61,20.25,0,0
43,66.25,3,0
6,19.5,0,1
1,51.25,1,1
56,89.7,2,0
70,64.55,6,0
1,45.6,0,1
49,93.65,3,0
6,49.65,1,1
32,73.6,5,0
72,109.75,5,0
37,61.45,3,0
69,106.4,5,0
26,81.9,5,0
58,105.2,4,0
24,54.6,1,0
5,20.55,0,0
15,20.0,0,1
30,19.7,0,0
55,66.05,3,0
25,34.0,1,1
10,92.5,4,1
44,54.05,5,0
47,58.9,3,0
13,88.35,2,1
49,107.95,5,1
64,96.9,4,0
1,19.1,0,0
20,50.0,1,0
37,45.4,3,0
30,85.45,1,0
38,84.1,5,0
1,74.45,0,1
37,64.75,2,1
52,66.25,6,0
71,76.9,5,0
26,89.8,3,1
66,74.6,4,0
72,116.95,6,0
25,40.65,2,0
69,114.35,6,0
53,69.7,3,0
12,95.5,3,1
26,98.65,4,0
21,61.65,2,0
1,89.35,2,0
48,95.4,3,0
26,35.4,2,0
60,19.95,0,0
18,19.25,0,0
10,29.65,1,1
5,84.5,2,1
4,20.4,0,0
65,24.75,0,0
70,25.35,0,0
18,90.7,2,1
62,20.0,0,0
66,59.75,2,0
65,82.5,5,0
3,70.3,0,1
34,20.35,0,0
16,90.8,2,0
54,103.95,4,1
50,104.95,4,0
71,105.25,5,0
10,74.75,0,1
1,50.8,1,1
18,23.75,0,0
4,61.3,2,0
58,75.8,4,0
56,98.0,3,0
2,80.25,1,1
32,78.9,1,1
56,52.0,4,0
36,84.75,1,1
4,64.4,2,0
53,85.45,1,1
10,45.8,0,0
4,30.5,1,0
1,19.9,0,1
51,69.15,0,0
12,99.45,3,1
6,49.25,3,0
63,39.35,3,0
1,70.6,0,1
48,105.1,4,0
5,81.0,1,1
35,20.1,0,0
6,84.85,2,1
2,19.75,0,0
50,19.75,0,0
33,70.4,0,0
31,20.45,0,0
9,20.35,0,0
54,86.2,5,0
46,95.65,4,0
34,103.8,4,0
71,97.2,3,0
63,63.55,4,0
51,24.95,0,0
26,89.15,2,1
64,99.0,4,0
1,24.8,0,1
61,85.55,2,0
15,94.0,3,0
64,105.65,4,1
18,50.3,0,0
57,95.0,3,0
14,61.4,3,0
18,80.55,1,0
72,78.5,1,0
70,114.3,6,0
38,20.05,0,0
68,62.65,4,0
13,80.85,1,1
65,92.7,3,0
30,100.45,3,0
51,75.2,3,0
31,84.75,2,0
9,89.45,2,1
72,79.5,5,0
10,72.15,2,1
37,19.8,0,0
2,76.4,4,1
55,100.9,4,0
33,95.3,3,0
46,90.95,3,0
1,54.5,2,0
20,61.6,1,1
9,79.9,2,1
32,96.15,2,1
19,49.6,1,0
70,65.3,3,1
61,25.0,0,0
26,45.45,0,0
45,107.75,4,0
62,89.1,2,0
1,19.65,0,1
3,44.75,0,0
41,101.6,4,0
67,103.15,5,0
1,84.65,1,1
71,95.65,3,0
37,75.1,4,0
60,61.35,3,0
1,69.55,0,1
6,19.7,0,0
13,31.05,1,1
11,51.0,1,0
7,51.0,1,1
10,88.85,2,0
34,20.05,0,0
62,65.1,3,0
64,70.15,3,0
1,44.35,0,1
25,20.75,0,0
26,56.05,2,0
10,19.95,0,0
53,98.6,4,0
7,79.7,1,1
33,79.0,2,0
71,89.45,3,0
29,74.2,0,0
24,81.0,4,0
20,49.6,1,0
1,84.6,1,0
54,55.0,1,1
5,84.85,2,1
72,84.2,5,0
52,106.3,6,0
9,69.05,0,0
1,45.4,0,0
1,73.65,0,1
33,73.9,4,1
55,77.75,1,1
69,99.35,3,0
1,50.75,1,0
54,87.1,5,0
33,20.15,0,0
45,98.7,4,0
11,25.2,0,0
6,55.7,2,0
21,65.35,3,0
65,25.3,0,0
6,84.35,1,1
8,84.95,2,1
11,73.85,1,1
43,24.25,0,0
49,51.8,3,1
1,46.0,0,1
15,79.4,1,1
60,60.5,3,0
17,25.1,0,0
16,71.8,0,1
35,20.05,0,0
44,88.4,2,1
12,30.25,1,0
1,20.2,0,0
28,59.9,3,0
70,25.15,0,0
5,46.0,0,1
18,101.3,4,0
70,76.95,4,0
9,55.3,1,0
67,92.45,4,0
1,48.45,1,0
18,19.35,0,0
4,51.75,0,1
71,86.7,3,0
30,94.4,3,1
1,55.7,2,0
55,84.25,2,0
59,64.65,3,0
1,70.15,0,1
7,69.2,0,0
45,54.65,2,0
54,24.75,0,0
51,23.95,0,0
72,105.0,4,0
44,59.85,3,0
2,20.05,0,0
66,92.15,2,0
68,44.8,3,0
31,20.9,0,0
21,95.4,2,0
21,80.35,1,0
55,85.1,5,0
9,34.7,1,1
71,115.05,6,0
1,81.1,1,1
22,19.95,0,0
1,20.55,0,1
61,106.6,4,1
67,86.15,5,0
14,78.85,2,0
59,106.75,5,1
21,86.55,2,0
4,42.4,3,0
3,89.45,2,1
70,24.25,0,0
3,97.9,4,1
21,20.5,0,0
20,19.6,0,0
22,20.25,0,0
1,55.7,1,1
63,20.6,0,0
70,19.8,0,0
13,79.8,2,1
5,80.2,1,0
72,116.4,6,0
13,31.65,1,0
61,94.15,4,0
1,20.65,0,0
56,76.85,1,0
4,20.15,0,0
35,55.25,1,0
18,39.05,2,1
72,82.15,4,0
49,103.0,5,0
44,95.1,4,0
3,83.9,2,1
37,95.15,3,0
61,79.8,4,0
70,74.8,4,0
1,69.85,0,1
41,20.45,0,0
70,78.35,5,0
1,53.55,1,1
51,19.1,0,0
42,20.0,0,0
70,93.9,4,1
48,19.95,0,0
68,113.15,6,1
48,24.0,0,0
26,84.95,2,1
11,80.5,1,1
1,19.3,0,1
27,19.15,0,0
46,91.3,3,0
1,49.65,1,1
46,54.35,2,1
25,19.15,0,0
4,88.45,2,1
13,19.75,0,0
31,75.5,5,0
23,83.75,1,0
2,19.4,0,0
65,26.5,0,0
22,90.5,2,1
55,19.15,0,0
9,94.85,4,1
7,69.95,0,1
35,40.9,2,0
6,80.25,5,0
1,48.6,1,1
17,70.8,0,0
10,60.2,2,0
15,55.2,2,0
40,55.8,4,1
13,54.15,2,0
29,80.15,1,1
3,75.5,0,1
58,100.4,3,0
45,62.55,3,0
72,70.45,4,0
68,85.5,2,0
1,20.2,0,1
38,54.5,2,0
2,20.75,0,0
11,20.35,0,0
20,91.0,2,0
72,104.8,4,0
3,74.75,0,1
23,104.05,4,1
40,51.1,1,0
62,89.8,2,0
22,20.55,0,0
11,64.05,3,0
7,74.85,0,0
13,96.65,3,1
1,20.05,0,1
39,103.45,4,1
3,25.0,0,0
58,20.3,0,0
6,26.35,0,0
1,19.9,0,1
22,54.7,2,0
14,46.35,2,1
64,90.25,2,0
1,19.95,0,1
6,20.65,0,0
1,79.6,1,1
39,25.45,0,0
20,19.5,0,0
1,75.9,1,1
1,76.2,1,1
64,66.15,2,0
1,19.25,0,1
46,69.1,3,0
28,39.1,2,0
33,20.05,0,0
39,59.8,3,0
42,84.3,2,1
1,48.6,1,0
7,79.0,1,1
70,105.35,5,0
65,25.1,0,0
1,49.75,1,0
18,94.75,2,0
24,93.0,2,0
63,71.9,4,0
44,77.55,3,0
4,19.85,0,0
1,70.25,0,1
37,95.25,2,0
10,84.6,2,1
34,25.05,0,0
35,53.15,4,0
4,20.15,0,0
39,101.25,3,0
43,100.55,4,0
17,24.1,0,1
61,25.3,0,0
49,71.8,4,0
4,19.7,0,0
64,49.85,4,0
3,69.6,0,0
1,19.75,0,0
40,80.8,2,0
1,60.0,3,1
8,86.55,1,1
1,20.85,0,1
34,64.2,3,0
1,35.0,1,0
39,50.75,3,1
58,105.5,5,1
45,19.2,0,0
6,85.15,2,1
43,90.65,4,0
41,20.0,0,0
5,74.65,1,0
72,61.2,5,0
4,19.95,0,0
9,54.8,2,0
72,73.45,3,0
33,51.45,1,0
72,80.45,1,0
22,54.2,2,1
70,109.5,5,1
21,104.4,4,1
15,85.3,2,0
29,79.3,1,0
15,76.5,5,0
71,105.1,4,1
72,25.4,0,0
19,86.85,1,0
1,19.65,0,0
1,75.7,1,1
2,45.55,0,0
11,78.1,1,0
12,19.3,0,0
70,110.5,5,0
20,90.8,2,1
23,20.3,0,0
49,81.35,5,0
4,97.95,3,1
32,108.15,5,1
2,55.3,1,0
69,56.55,4,0
6,80.5,1,1
24,19.7,0,0
32,104.05,4,0
27,52.85,2,0
27,104.3,4,1
58,80.65,1,0
1,71.35,0,1
18,24.65,0,0
47,21.3,0,0
70,110.2,5,0
13,89.4,3,1
36,51.05,1,0
67,19.8,0,0
10,19.9,0,0
19,87.3,2,0
71,19.85,0,0
72,89.4,6,0
48,20.0,0,0
1,20.05,0,0
18,83.25,5,0
1,20.6,0,1
67,102.9,4,0
69,39.1,3,0
19,99.95,3,1
72,114.5,6,0
38,20.2,0,0
40,55.8,1,0
61,24.2,0,0
10,81.0,1,1
32,72.8,3,0
21,99.85,3,0
59,99.5,3,0
13,70.15,0,1
47,20.25,0,0
69,26.0,0,0
2,19.9,0,0
22,19.05,0,0
15,96.5,3,0
53,19.85,0,0
28,25.7,0,0
22,20.3,0,0
1,70.15,0,1
16,91.55,3,0
48,39.4,3,0
30,105.7,5,0
3,70.25,0,0
57,93.75,3,0
68,96.55,3,1
23,60.0,2,0
65,59.8,2,0
44,90.65,2,0
71,109.0,5,0
37,68.1,3,0
12,20.4,0,0
69,81.95,5,0
35,60.55,3,0
5,65.6,3,0
58,82.5,1,0
72,82.3,5,0
72,68.15,4,0
1,20.3,0,0
39,95.55,4,1
53,20.2,0,0
27,89.2,3,0
1,69.65,0,1
1,89.3,2,1
18,74.8,1,0
46,20.2,0,0
72,84.4,5,0
36,87.55,3,1
4,25.15,0,0
25,19.8,0,0
40,50.85,3,0
63,102.4,4,0
15,96.3,4,1
14,55.5,1,0
72,109.75,5,0
39,106.4,4,0
47,60.0,5,0
19,88.8,3,0
5,85.2,1,1
13,35.1,1,1
17,80.05,1,0
34,75.55,0,0
42,49.55,1,0
5,81.3,1,1
71,23.9,0,0
19,66.4,3,0
2,19.6,0,1
57,18.8,0,0
72,108.4,5,0
6,85.95,2,0
17,85.45,1,1
61,80.9,4,0
1,71.0,0,1
48,111.8,6,0
16,20.6,0,0
9,85.05,1,1
3,44.6,0,0
1,44.4,0,1
65,105.1,4,0
70,115.15,6,0
60,59.8,2,0
69,26.3,0,0
35,70.55,0,0
22,20.05,0,0
66,79.85,4,0
1,70.3,0,1
1,79.35,1,1
34,90.05,2,0
72,24.45,0,0
31,59.95,5,0
30,25.35,0,0
9,90.8,2,1
20,70.45,0,1
19,34.3,2,0
65,105.05,4,0
30,19.3,0,0
6,19.15,0,0
2,51.4,3,0
53,71.85,3,0
7,75.4,0,0
61,49.7,1,0
70,45.25,2,1
13,78.75,4,0
35,81.6,1,0
2,70.4,0,0
3,75.8,0,1
3,76.1,0,0
62,94.0,2,0
72,103.95,5,0
63,19.95,0,0
20,71.3,0,1
35,110.8,6,0
21,69.1,0,1
62,96.1,3,0
15,48.8,0,0
55,50.55,1,0
11,44.65,0,0
17,88.25,2,1
61,19.45,0,0
71,89.3,6,0
2,70.0,0,1
35,19.25,0,0
17,70.5,0,0
21,97.35,2,1
47,19.65,0,0
3,20.85,0,0
3,19.65,0,0
44,19.35,0,0
1,44.0,0,0
44,94.4,3,0
5,25.9,0,1
24,55.65,1,1
1,69.65,0,1
18,75.4,1,0
10,100.6,3,1
65,71.0,4,0
1,86.0,2,1
53,106.95,4,1
3,21.2,0,0
33,61.05,3,0
3,29.6,1,1
34,79.95,5,0
14,19.7,0,0
13,20.3,0,0
46,59.9,5,1
23,24.35,0,0
47,19.75,0,0
17,50.3,1,0
49,95.6,2,1
59,50.25,3,0
69,85.35,5,0
11,41.6,2,1
10,51.65,1,0
12,24.0,0,0
45,100.85,3,1
39,59.85,2,0
71,25.45,0,0
71,23.9,0,0
33,24.15,0,0
67,75.7,0,0
37,40.2,3,1
49,84.5,1,1
9,50.85,1,0
52,91.6,3,0
70,98.9,3,0
1,85.0,2,0
14,78.95,1,1
1,44.3,0,0
1,20.2,0,1
52,80.2,1,0
6,60.9,2,0
7,34.2,2,0
47,85.2,2,1
26,87.15,3,0
25,54.3,2,0
69,19.1,0,0
72,112.75,6,0
4,19.95,0,0
59,19.5,0,0
67,65.55,3,0
26,78.8,1,0
27,78.2,5,0
72,105.25,4,0
6,89.25,3,0
62,20.65,0,0
20,68.7,3,0
6,78.65,5,0
51,24.75,0,0
61,19.75,0,0
62,89.1,3,0
72,84.7,2,0
13,98.0,4,1
5,94.45,3,1
3,105.0,4,1
26,93.85,3,1
13,59.9,2,0
38,19.95,0,0
8,84.0,1,1
34,108.9,5,0
18,33.6,2,0
56,85.85,3,0
36,34.85,2,0
9,48.75,3,1
1,84.85,2,1
12,56.65,2,1
57,95.3,4,0
42,73.9,5,1
33,24.5,0,1
70,84.6,3,0
68,44.95,3,0
1,24.7,0,0
37,100.3,3,0
4,25.45,0,0
1,50.7,1,0
20,55.0,5,0
72,68.4,4,0
31,89.9,2,1
18,78.55,1,1
11,55.05,1,0
33,19.8,0,0
62,84.45,1,0
1,35.9,2,0
16,80.75,2,0
22,78.65,4,0
49,61.75,3,0
36,63.7,3,0
42,99.45,4,1
4,25.2,0,1
12,74.05,3,1
31,87.6,3,0
5,89.15,2,0
66,20.0,0,0
15,55.0,1,1
64,104.4,4,0
10,20.05,0,0
7,89.75,3,1
29,34.3,2,0
57,20.65,0,0
46,84.25,2,0
53,19.65,0,0
17,79.85,5,0
38,20.2,0,0
15,19.8,0,0
22,50.35,3,0
14,85.15,1,1
57,74.6,4,0
11,79.15,1,0
1,20.35,0,0
12,21.05,0,0
3,94.6,2,1
36,94.7,3,0
16,94.25,3,1
65,72.45,4,1
2,74.95,1,0
42,105.2,4,1
72,111.95,6,0
62,19.85,0,0
6,89.75,2,0
48,20.05,0,0
35,108.95,5,0
52,19.65,0,0
1,24.9,0,0
6,82.85,1,1
71,93.2,6,0
67,84.8,3,0
60,71.75,3,0
23,30.35,1,0
39,54.85,4,0
15,19.5,0,0
53,103.85,4,1
24,24.2,0,0
37,19.35,0,0
5,83.6,2,1
50,100.65,3,0
54,94.1,3,0
3,74.55,1,0
68,108.45,5,1
5,56.15,2,0
33,20.35,0,0
41,80.55,4,0
34,61.25,5,0
13,20.45,0,0
20,18.9,0,0
51,19.6,0,0
3,91.5,2,1
41,45.2,0,0
13,19.45,0,0
35,25.45,0,0
12,80.85,2,1
4,94.9,4,0
43,49.05,3,1
12,29.3,1,0
68,105.3,4,1
25,88.95,2,1
7,20.25,0,0
66,110.85,5,1
53,110.5,6,0
63,109.4,5,0
70,114.2,6,1
27,36.5,1,1
1,70.75,0,1
5,19.95,0,0
37,19.6,0,0
3,40.15,2,1
12,76.6,0,0
38,19.6,0,0
9,85.3,2,0
13,65.85,2,0
29,94.45,2,1
47,20.05,0,0
61,99.4,4,0
16,20.0,0,0
41,78.45,5,0
43,25.1,0,0
36,97.35,3,1
6,55.0,1,0
58,71.1,4,0
19,61.55,2,0
11,45.9,0,0
39,40.3,3,0
8,87.1,2,0
26,49.5,0,0
53,73.8,1,0
70,19.2,0,0
1,45.3,2,1
59,25.0,0,0
2,94.95,3,1
7,35.3,2,0
12,44.55,0,1
59,76.75,5,0
61,81.0,4,0
72,105.55,4,0
13,18.8,0,0
64,24.9,0,0
1,23.45,0,1
10,64.9,3,0
65,61.35,3,0
62,113.95,6,0
55,90.15,6,0
25,54.1,1,0
1,29.7,1,1
1,49.8,1,0
59,101.1,3,1
64,24.4,0,0
36,95.0,2,0
3,50.65,0,1
61,69.9,3,0
26,39.95,2,0
1,55.4,1,1
1,90.6,2,1
68,103.25,5,0
2,86.85,1,1
72,94.25,4,0
71,47.05,3,0
57,20.55,0,0
4,19.65,0,0
1,70.2,0,0
72,81.0,5,0
21,75.9,3,0
71,24.7,0,0
29,99.05,3,1
69,110.25,5,0
64,85.0,5,0
16,19.75,0,0
4,23.9,0,0
52,111.25,5,1
2,55.1,2,1
1,19.95,0,0
18,25.15,0,0
2,54.15,1,0
19,59.8,2,0
40,83.85,1,0
66,104.9,4,0
21,75.3,0,0
8,66.65,3,0
72,109.5,6,0
48,73.85,4,0
69,19.3,0,0
72,118.2,6,0
14,51.45,1,0
6,59.45,2,0
8,19.5,0,0
17,19.55,0,0
65,93.55,3,0
57,59.3,3,0
13,102.25,3,1
19,95.9,3,1
56,109.8,5,0
14,78.1,1,0
52,39.9,2,0
58,64.9,4,0
47,95.05,3,1
67,53.4,4,0
2,24.9,0,0
6,44.7,0,0
71,114.0,6,0
46,20.25,0,0
5,53.85,2,1
67,83.85,2,0
3,20.2,0,0
3,19.95,0,0
52,104.2,4,1
42,50.25,0,1
50,20.35,0,0
23,90.0,3,0
67,54.2,5,0
25,99.5,4,1
39,99.1,4,0
69,66.9,3,0
1,25.85,0,0
32,91.05,2,0
9,71.0,0,1
16,93.2,3,1
60,20.95,0,0
72,109.2,5,0
5,19.35,0,1
26,85.8,2,0
3,19.85,0,1
2,19.65,0,0
2,20.5,0,0
36,89.65,5,0
7,74.35,1,0
60,49.45,3,0
19,89.1,2,0
45,75.15,4,0
4,70.65,0,0
31,104.2,4,1
47,90.05,3,0
1,79.25,1,1
1,44.9,0,1
1,19.4,0,0
59,88.75,2,0
10,70.1,0,1
35,91.0,2,0
4,29.65,1,1
32,90.8,3,0
43,77.85,1,1
4,54.3,1,1
54,18.95,0,0
11,95.15,2,1
66,102.4,3,0
61,99.9,3,0
72,88.7,6,0
44,54.3,4,0
41,55.7,1,0
50,103.95,4,0
47,110.85,5,1
8,20.15,0,0
18,20.05,0,0
72,91.95,6,0
1,80.5,1,1
42,55.65,1,0
18,74.7,1,0
13,104.15,4,0
68,83.65,2,0
4,72.2,0,1
69,110.05,5,0
17,51.5,1,1
25,25.5,0,0
43,89.55,2,1
59,19.5,0,0
5,80.7,2,0
21,77.5,4,1
69,105.1,5,0
13,25.15,0,0
42,95.25,3,1
52,95.65,3,0
46,85.0,2,1
61,80.8,5,0
29,24.85,0,0
25,54.75,2,0
5,85.75,2,1
15,50.75,3,0
19,20.15,0,0
44,20.05,0,0
6,98.25,3,1
58,71.6,4,0
62,81.45,2,0
70,58.4,5,0
1,25.7,0,1
10,53.7,5,0
26,19.6,0,0
66,89.4,2,0
7,69.0,0,1
51,84.2,2,0
72,106.1,5,0
65,25.75,0,0
2,46.05,0,1
70,64.95,3,0
72,85.45,5,0
1,20.05,0,0
1,76.4,1,1
5,100.5,3,1
3,20.7,0,0
58,25.3,0,0
22,40.05,2,1
33,100.6,3,0
1,69.95,0,1
54,74.0,0,0
72,99.4,3,0
1,93.3,2,1
3,49.15,1,1
72,107.45,5,0
72,83.6,5,0
54,99.05,3,0
59,80.1,4,0
54,65.3,3,0
60,89.55,2,0
60,60.8,5,0
3,74.5,0,0
69,99.15,3,0
1,19.25,0,0
50,39.45,2,0
56,44.85,2,0
60,97.2,4,0
69,110.55,5,0
1,35.05,1,1
1,73.0,1,1
3,19.9,0,0
60,76.95,4,0
13,35.4,2,0
62,20.45,0,0
45,96.75,3,0
25,54.2,4,0
44,100.1,4,0
2,45.25,0,0
33,83.85,2,1
1,70.1,0,1
22,20.85,0,0
35,33.45,2,0
29,20.2,0,0
27,85.9,2,0
54,61.0,3,0
2,70.65,0,1
57,86.9,1,0
62,69.4,4,0
15,20.35,0,0
2,20.35,0,1
70,104.3,4,0
21,44.95,0,0
23,49.45,1,0
6,20.6,0,0
4,19.55,0,0
3,99.0,4,1
23,93.5,2,0
26,54.55,4,0
8,20.05,0,0
26,83.95,1,1
2,79.45,1,0
67,116.2,6,1
71,93.7,2,1
59,79.85,5,0
39,100.0,3,0
21,19.6,0,0
1,19.7,0,1
48,20.2,0,0
31,50.4,4,0
64,113.35,6,0
46,80.0,1,0
52,80.95,4,0
67,24.9,0,0
67,54.9,1,0
5,75.55,0,1
71,109.25,5,0
9,77.65,1,1
26,95.0,3,1
71,116.3,6,0
32,19.9,0,0
2,70.35,0,0
71,25.6,0,0
60,44.45,3,0
55,100.15,3,0
54,105.4,5,1
2,95.85,3,1
6,73.85,0,0
48,70.1,4,0
63,25.25,0,0
1,79.15,1,1
12,21.05,0,0
54,24.95,0,0
30,64.5,3,0
30,19.65,0,1
4,79.0,1,1
40,105.95,4,0
9,75.85,1,0
17,91.85,3,1
62,43.6,3,0
28,91.25,3,0
70,89.75,6,0
46,104.4,5,0
23,90.15,2,0
47,40.3,3,0
68,105.25,5,0
60,106.0,4,1
67,104.0,4,0
14,69.65,3,0
57,74.3,0,0
55,100.9,3,0
1,20.25,0,0
1,49.9,1,1
23,96.9,3,0
13,100.35,3,1
47,104.1,4,0
38,20.1,0,0
38,74.95,0,1
2,56.55,1,0
1,49.25,1,1
15,68.6,0,0
26,69.05,0,0
35,19.7,0,0
3,20.05,0,0
50,103.7,4,1
42,94.4,3,0
10,54.95,2,0
61,93.7,4,0
68,110.25,5,0
10,98.9,4,0
65,89.75,3,1
72,80.45,5,0
55,79.4,2,0
1,20.3,0,1
7,62.8,3,0
2,74.9,0,0
9,74.85,1,0
27,25.85,0,0
7,101.95,3,1
64,68.3,4,0
70,48.4,4,0
2,94.0,2,1
67,105.05,5,0
45,89.3,2,1
24,25.15,0,0
4,19.5,0,0
44,92.95,3,0
72,20.7,0,0
1,74.3,1,1
66,19.35,0,0
1,44.65,3,1
13,84.05,2,1
10,80.7,1,1
65,104.35,4,0
1,19.55,0,0
38,74.05,5,0
23,40.1,3,0
10,20.1,0,0
4,101.7,3,1
72,83.55,5,0
35,56.85,2,0
1,20.4,0,1
58,19.55,0,0
70,106.15,5,0
38,78.95,4,0
60,49.75,3,0
26,92.4,3,0
8,58.2,3,0
41,102.6,4,1
36,91.95,2,0
54,65.25,3,0
71,106.0,4,1
55,73.1,0,0
72,59.75,2,0
3,55.1,2,1
54,59.8,2,0
72,116.6,6,0
52,109.3,5,0
60,101.4,3,0
39,50.65,3,0
15,56.15,1,0
69,106.5,4,1
43,19.2,0,0
63,83.0,5,0
2,70.1,0,0
72,108.3,6,0
32,91.05,2,1
40,25.25,0,0
58,45.35,3,0
67,43.9,3,0
51,77.5,1,1
31,79.3,4,0
69,84.9,2,0
32,79.25,1,0
21,71.05,4,0
52,53.75,2,0
72,24.25,0,0
72,54.2,4,1
52,44.25,3,0
41,50.05,1,0
41,20.15,0,0
6,69.25,0,1
67,69.35,4,0
16,19.35,0,0
17,19.15,0,0
35,61.0,3,0
58,20.5,0,0
1,50.5,1,1
52,50.2,4,0
70,79.6,5,0
19,24.9,0,0
1,74.4,0,1
35,106.9,5,0
32,101.35,3,0
17,55.35,2,0
67,50.55,1,0
9,19.5,0,0
31,79.45,4,1
4,90.65,2,0
58,89.85,3,0
60,79.0,5,0
58,104.65,4,1
1,19.55,0,0
27,19.9,0,0
66,116.25,6,0
15,87.75,2,0
47,100.05,3,1
41,81.3,1,0
59,44.3,2,0
50,70.35,0,0
17,44.45,3,0
6,49.15,1,0
51,29.45,1,0
44,100.55,4,1
49,85.3,2,0
2,95.65,3,1
59,69.1,3,0
50,70.35,3,0
59,20.6,0,0
18,74.15,0,0
10,75.05,0,0
14,44.6,0,0
35,21.45,0,0
8,43.45,0,0
18,20.05,0,0
60,94.15,3,0
1,94.4,3,1
6,19.55,0,0
19,75.9,4,0
53,64.15,3,0
72,109.55,5,0
60,110.8,5,0
1,55.0,1,1
13,53.45,2,0
5,69.95,0,0
1,101.45,3,1
13,97.0,3,0
37,90.6,6,0
64,73.55,1,0
5,67.95,3,1
61,94.35,3,0
1,69.5,0,1
1,18.85,0,1
26,19.4,0,0
1,69.2,0,1
24,19.75,0,0
17,54.6,4,0
26,29.8,1,0
1,69.65,0,1
40,101.85,3,1
52,103.05,4,0
1,82.3,2,1
1,20.3,0,0
21,35.1,2,0
67,105.7,4,0
44,56.25,2,0
70,60.35,5,0
3,79.25,1,1
56,59.8,3,0
13,84.6,1,1
58,93.4,3,1
42,94.2,2,1
1,25.05,0,1
46,99.65,4,0
63,50.65,1,0
11,60.9,3,0
15,59.65,2,0
72,64.7,6,0
29,25.1,0,1
1,48.95,1,1
6,54.85,1,0
1,45.3,0,1
63,91.35,2,0
2,85.85,2,1
18,25.1,0,0
43,34.0,2,0
15,45.9,4,0
10,95.2,2,1
55,20.5,0,0
49,100.6,3,1
6,55.3,2,1
70,20.35,0,0
2,74.85,0,1
63,36.1,2,0
25,65.8,3,0
18,20.35,0,0
28,105.8,4,0
53,96.75,4,0
35,102.35,4,1
1,24.4,0,0
70,115.65,6,1
2,79.85,2,1
26,73.05,4,0
34,64.35,3,0
19,20.5,0,0
15,76.0,0,1
62,54.75,2,0
42,104.75,4,1
9,74.65,4,1
24,51.15,1,0
68,41.95,3,0
31,54.35,2,0
1,56.25,1,1
21,106.1,4,1
63,96.0,3,0
2,79.75,1,1
61,61.45,5,0
1,68.65,0,1
18,19.65,0,0
6,19.0,0,0
33,100.0,3,0
16,20.25,0,1
56,98.7,4,0
23,19.8,0,0
9,73.8,1,0
14,100.2,3,1
15,74.9,0,1
5,20.05,0,0
61,106.2,4,0
70,116.55,6,0
15,99.7,3,0
8,19.7,0,0
8,19.5,0,0
4,29.15,1,0
34,55.0,2,0
68,90.8,6,0
45,51.0,4,0
9,90.1,2,0
22,59.05,2,0
2,20.3,0,0
70,72.95,4,0
10,73.55,4,0
72,84.3,5,0
49,78.0,4,0
54,72.1,3,0
71,106.75,5,0
22,19.25,0,0
50,20.55,0,0
43,20.0,0,0
45,24.65,0,0
64,103.5,4,0
23,23.85,0,0
68,25.8,0,0
1,70.85,0,1
2,69.8,0,1
26,59.45,2,0
55,54.55,4,1
14,20.05,0,0
71,82.55,5,0
64,81.25,5,0
7,70.75,3,1
57,74.3,5,0
13,94.1,3,1
3,29.7,1,1
72,109.7,5,0
40,96.35,3,0
14,66.6,2,0
2,44.5,0,0
66,110.9,5,1
38,105.0,4,1
1,25.3,0,1
22,55.15,2,1
1,20.1,0,1
5,80.1,1,0
29,69.05,3,0
1,69.9,0,1
3,20.4,0,0
71,19.7,0,0
9,50.1,1,0
43,101.4,3,1
48,83.45,5,0
26,86.65,2,0
9,20.15,0,0
1,80.8,1,1
46,19.4,0,0
2,62.05,1,1
1,76.45,0,1
64,60.05,5,0
12,91.3,2,1
6,95.75,3,1
59,20.35,0,0
7,94.05,3,0
72,84.1,5,0
16,78.75,1,0
25,55.55,1,0
34,62.65,3,1
1,74.5,0,1
10,102.1,4,1
24,20.1,0,0
10,70.3,3,0
69,53.65,2,0
57,20.75,0,0
50,103.4,5,0
28,50.8,4,0
16,50.15,1,1
25,79.0,5,0
3,74.6,1,0
61,96.5,2,0
2,20.1,0,0
51,19.4,0,0
71,77.55,4,0
20,20.05,0,0
6,19.85,0,0
6,20.2,0,0
29,67.45,3,0
36,18.55,0,0
28,29.75,1,0
7,86.5,1,1
63,24.2,0,0
48,23.55,0,0
49,20.45,0,0
27,81.45,1,1
72,92.3,6,0
1,69.15,0,1
72,53.65,4,0
47,39.65,3,0
1,54.65,1,0
36,104.8,4,0
43,29.3,1,0
27,83.85,5,0
9,79.55,1,1
38,103.65,4,0
35,99.05,3,0
0,73.35,4,0
59,100.05,4,0
27,20.35,0,0
2,43.95,0,0
7,23.5,0,0
36,70.7,3,0
41,94.3,3,0
13,29.15,1,0
19,20.85,0,0
60,37.7,3,0
48,95.5,4,1
3,91.05,2,1
69,92.45,3,0
43,44.15,3,0
11,36.05,2,0
45,50.25,1,0
72,109.75,5,0
2,79.2,1,1
12,20.3,0,0
67,112.35,5,0
37,94.3,3,0
39,41.15,3,0
41,74.65,4,0
25,48.25,3,0
8,76.15,4,0
71,71.1,4,0
5,96.55,3,0
30,79.3,4,0
40,89.6,3,0
54,20.5,0,0
72,106.3,4,0
28,100.35,4,0
18,85.6,2,0
2,45.25,2,1
59,106.15,4,0
22,51.1,1,0
1,19.9,0,0
72,25.7,0,0
14,74.3,0,1
50,99.4,3,0
48,69.7,4,0
49,98.35,3,0
28,85.45,2,0
68,95.9,3,0
13,100.75,3,0
11,89.2,2,0
3,74.1,0,1
57,100.6,3,1
3,75.0,0,1
72,25.75,0,0
70,84.1,5,0
49,79.3,4,0
67,107.05,4,0
46,20.05,0,0
64,70.2,4,1
37,19.5,0,0
2,70.75,0,1
13,45.3,2,0
72,115.15,6,0
68,72.95,4,0
15,19.65,0,0
24,19.55,0,0
24,89.55,2,0
27,50.35,1,0
12,50.25,1,1
71,87.25,6,0
67,20.8,0,0
63,109.25,5,0
1,20.35,0,0
4,55.9,1,0
40,79.2,2,1
12,96.0,3,1
52,79.2,5,0
10,24.0,0,0
68,101.35,4,0
54,100.1,3,1
4,56.5,2,1
52,35.45,2,0
1,85.0,2,1
70,79.4,5,0
43,35.2,2,0
52,19.65,0,0
12,49.85,4,0
56,68.75,3,0
0,61.9,3,0
42,79.9,1,0
22,89.75,2,0
51,59.3,5,1
27,19.4,0,0
51,93.65,3,0
4,49.4,1,1
1,19.9,0,0
35,55.0,1,1
71,72.9,4,0
1,69.2,0,1
69,25.6,0,0
14,19.75,0,0
57,55.7,2,0
72,117.5,6,0
48,19.85,0,0
4,78.9,1,0
31,20.65,0,0
38,62.3,3,1
37,92.5,2,1
1,19.65,0,0
57,79.75,4,0
62,79.95,5,0
3,29.9,1,0
72,19.75,0,0
29,45.0,4,0
13,44.8,0,0
3,69.65,0,1
11,51.1,1,0
21,53.15,5,0
19,24.7,0,0
61,111.6,5,1
11,48.55,1,1
35,109.95,5,0
25,20.8,0,0
1,20.2,0,1
67,25.6,0,0
19,39.65,2,1
56,24.9,0,1
72,108.4,5,0
43,19.55,0,0
55,85.1,2,0
2,56.7,1,1
27,69.05,0,0
13,70.15,0,0
70,111.15,5,0
14,105.95,5,1
19,89.35,2,0
20,89.1,2,0
43,91.25,3,0
5,90.35,3,0
70,105.55,4,0
40,19.1,0,0
6,20.4,0,0
39,100.45,4,0
4,74.95,0,1
15,29.7,1,1
1,50.35,3,1
45,85.7,3,0
64,47.85,4,1
57,94.0,3,0
72,69.85,4,0
1,70.3,0,1
72,25.85,0,0
3,71.1,4,0
55,98.8,3,1
59,93.35,3,0
18,99.85,3,1
32,80.3,1,1
4,50.55,1,0
66,80.45,1,1
27,81.3,1,0
4,20.7,0,0
60,79.05,5,0
8,19.05,0,0
8,19.6,0,0
35,20.2,0,0
7,86.8,1,1
53,20.9,0,0
18,103.6,4,0
15,38.8,2,0
67,88.4,2,0
6,84.2,2,1
6,79.7,1,0
13,99.0,3,1
11,100.75,3,1
1,19.3,0,0
5,55.75,2,0
13,19.95,0,0
9,91.75,3,1
29,89.65,3,0
1,45.85,0,0
1,79.55,1,1
18,55.95,1,0
2,69.0,3,0
30,83.55,2,0
66,65.7,3,0
38,94.9,3,0
44,61.9,3,0
54,111.1,5,1
2,20.0,0,0
42,67.7,4,0
58,25.15,0,0
58,92.85,3,0
25,89.1,2,1
71,111.3,6,0
37,101.9,4,1
14,91.65,2,1
4,88.85,2,1
48,60.6,2,0
3,25.3,0,1
8,65.5,3,0
1,95.45,2,1
67,19.95,0,0
13,91.1,2,1
45,54.15,2,1
49,74.6,0,0
52,94.6,3,0
63,81.15,2,0
68,89.05,6,0
31,49.2,1,0
64,19.45,0,0
62,104.3,5,0
1,69.7,0,1
6,89.5,2,1
21,86.05,2,0
72,25.2,0,0
32,35.15,2,0
71,99.65,4,0
34,105.35,5,0
3,35.15,1,1
12,73.75,0,1
8,101.35,3,1
35,24.3,0,0
3,80.7,1,0
3,89.85,3,0
53,61.1,2,0
4,29.05,1,0
48,99.7,4,0
6,55.9,2,1
3,105.9,4,1
54,46.0,3,0
1,43.95,0,1
62,80.4,5,0
22,100.05,4,0
1,45.1,0,1
51,94.0,3,0
30,68.95,3,0
56,68.45,4,0
35,69.0,3,0
64,43.85,3,0
30,44.5,2,0
25,18.7,0,0
41,70.25,0,1
9,55.35,1,1
1,53.55,2,0
70,114.6,6,0
57,20.1,0,0
9,85.5,1,0
69,108.75,5,0
43,103.0,4,1
72,97.85,3,0
44,19.55,0,0
72,84.05,2,0
33,103.75,5,1
54,89.4,2,0
27,19.7,0,0
54,79.85,1,0
3,74.45,1,0
53,74.1,4,0
1,69.35,0,1
15,18.8,0,0
56,73.85,1,1
5,64.4,3,0
48,55.8,2,0
25,20.05,0,0
3,75.15,0,1
58,99.15,4,0
10,56.75,1,0
1,69.6,0,1
71,104.15,4,0
65,110.8,5,0
5,80.15,1,1
28,35.75,2,0
67,69.9,3,0
35,89.2,3,0
72,55.65,5,0
61,50.7,4,0
68,20.0,0,0
1,30.5,1,1
3,19.1,0,0
70,98.3,3,1
48,45.55,3,0
68,101.05,3,0
47,103.7,5,0
32,36.25,2,0
5,49.4,1,0
49,19.9,0,0
48,107.4,4,1
13,82.0,1,1
15,19.8,0,0
12,45.05,0,0
67,64.55,3,0
9,86.25,2,0
13,19.75,0,0
38,89.1,2,0
42,95.55,3,0
24,75.4,0,1
27,101.25,4,1
9,102.6,4,0
49,56.3,4,0
61,94.2,4,0
50,43.05,3,0
25,89.5,2,1
22,74.4,0,1
1,20.5,0,1
4,74.35,0,1
18,99.75,3,1
56,111.95,5,1
53,94.0,4,0
51,98.85,3,0
24,64.35,3,0
62,72.0,4,0
24,49.7,1,0
70,80.7,5,0
1,24.2,0,0
16,39.0,2,1
8,65.45,3,0
72,74.35,5,0
23,83.2,3,0
31,25.0,0,0
37,40.2,3,0
30,94.1,3,1
35,108.35,5,0
23,69.5,3,0
20,76.0,3,0
36,93.6,3,0
8,95.65,2,1
71,100.55,3,0
50,88.05,2,1
43,24.45,0,0
57,89.55,6,0
41,66.5,3,1
27,76.1,1,0
13,80.5,1,0
3,35.45,2,1
67,20.55,0,0
3,49.9,1,1
64,105.4,4,0
26,35.75,2,0
38,95.1,3,0
23,19.3,0,0
40,104.5,4,1
72,63.1,6,0
3,75.05,0,1
23,81.0,1,1
1,74.45,0,1
4,60.4,3,1
62,84.95,5,0
40,93.4,3,0
41,89.2,2,0
34,85.2,2,0
1,49.95,1,0
51,20.65,0,0
1,70.65,0,1
39,20.15,0,0
12,19.2,0,0
12,59.8,2,1
72,104.95,4,0
63,103.5,4,0
44,84.8,2,0
18,95.05,3,0
9,44.2,0,1
13,73.35,4,0
68,64.1,3,0
6,44.4,2,0
2,20.05,0,0
55,60.0,2,0
1,75.75,0,1
38,69.5,0,0
67,102.95,4,1
19,78.7,1,0
12,60.65,5,0
72,21.15,0,0
24,84.8,5,0
72,103.2,4,0
11,29.6,1,0
4,74.4,0,1
66,105.65,5,0